V1,n_syn,n_nonsyn
STMMW_00441_1,179,613
STMMW_00651_1,595,1871
STMMW_00121_1,776,2644
STMMW_00461_1,720,2097
STMMW_00101_1,284,931
STMMW_00161_1,294,1038
STM1940_1,969,3351
STMMW_00471_1,1941,6564
STMMW_00141_1,232,803
STM4351_1,483,1740
STMMW_00051_1,1044,3249
STMMW_00701_1,254,934
STMMW_00131_1,603,2241
STMMW_00491_1,319,1031
STMMW_00721_1,568,1790
STMMW_00741_1,828,2826
STMMW_00041_1,517,1805
STMMW_00021_1,682,2108
STM2932_1,258,813
STMMW_00761_1,1062,3492
STM2666_1,27,117
STMMW_00081_1,440,1261
SEN0401_1,723,2220
STMMW_00011_1,1809,5580
STMMW_00451_1,138,510
STMMW_00681_1,829,2618
STMMW_00061_1,678,2184
STMMW_00111_1,1354,4397
STMMW_00401_1,918,2583
STM0942_1,1425,4416
STMMW_00171_1,1441,4859
STM3624_1,1204,3836
STMMW_00501_1,699,2154
STMMW_00191_1,491,1624
STM1092_1,110,403
STMMW_00361_1,995,3487
STM0834_1,1081,3662
STMMW_00481_1,355,1148
STMMW_00731_1,1033,3629
STMMW_00031_1,932,2929
STMMW_00751_1,759,2670
SNSL254_A1382_1,82,269
SC0831_1,75,312
SPAB_04503_1,77,247
STMMW_00151_1,353,1249
STM3624A_1,97,326
STMMW_00091_1,489,1653
STM3012_1,766,2303
STMMW_01381_1,914,2875
STMMW_00931_1,584,1963
STMMW_00951_1,573,1893
STMMW_01091_1,1225,3905
STMMW_01231_1,372,1104
STMMW_00971_1,871,2990
STMMW_01211_1,638,2197
STMMW_01271_1,258,840
STMMW_01071_1,483,1605
STMMW_01251_1,325,1052
STMMW_01011_1,2067,6654
STMMW_01351_1,1081,3347
STMMW_01291_1,1096,3368
STMMW_01191_1,1078,3638
STMMW_01371_1,561,1932
STMMW_01171_1,1014,3189
STMMW_01311_1,816,2433
STMMW_00781_1,684,2142
STMMW_01151_1,1167,3810
STMMW_01152_1,75,294
STMMW_01331_1,867,2607
STMMW_01131_1,1264,3569
STMMW_00981_1,1522,5561
STMMW_01111_1,586,1718
STMMW_01391_1,858,2598
STMMW_00921_1,312,1128
STMMW_00901_1,352,1241
STMMW_01081_1,1039,3470
STMMW_01221_1,1184,3802
STMMW_00961_1,779,2191
STMMW_01201_1,70,191
STMMW_00941_1,272,862
STMMW_01261_1,687,2139
STMMW_00911_1,1440,4149
STMMW_01241_1,732,2283
STMMW_01001_1,464,1516
STMMW_01021_1,1680,5376
STMMW_01341_1,807,2397
STMMW_01401_1,631,2123
STMMW_01181_1,780,2496
STMMW_01361_1,666,2097
STMMW_00821_1,177,615
STMMW_01161_1,406,1412
STMMW_01301_1,1005,3072
STMMW_00791_1,936,2925
STMMW_01141_1,679,2273
STMMW_01321_1,986,2965
STMMW_00991_1,538,1901
STMMW_00801_1,198,666
STMMW_01101_1,572,1966
STMMW_01711_1,516,1869
STMMW_01521_1,397,1295
STMMW_01731_1,221,823
STMMW_01501_1,303,1011
STMMW_01751_1,1755,5418
STMMW_01981_1,608,1786
STMMW_01771_1,449,1540
STMMW_01541_1,614,2239
STMMW_01851_1,844,2846
STMMW_01661_1,227,862
STMMW_01581_1,1841,6151
STMMW_01641_1,1941,5853
STMMW_01621_1,530,1846
STMMW_01601_1,1031,3244
STMMW_02081_1,944,2899
STMMW_01971_1,1492,5078
STMMW_01411_1,319,968
STMMW_01951_1,1878,5547
STMMW_01781_1,648,2133
STMMW_01891_1,350,1090
STMMW_01931_1,501,1614
STMMW_01451_1,522,1710
STMMW_01911_1,680,2146
STMMW_01471_1,752,2380
STMMW_01761_1,382,1229
STMMW_01491_1,1018,3140
STMMW_01531_1,647,1918
STMMW_01511_1,559,1682
STMMW_01721_1,571,2012
STMMW_01571_1,539,1756
STMMW_01991_1,662,2011
STMMW_01741_1,1108,3725
STMMW_01551_1,972,3249
STMMW_01841_1,281,1042
STMMW_01591_1,1388,4282
STMMW_01861_1,261,882
STMMW_02091_1,1098,3168
STMMW_01611_1,195,660
STMMW_01961_1,1775,5794
STMMW_01791_1,585,1728
STMMW_01421_1,1856,6262
STMMW_01881_1,579,1797
STMMW_01941_1,402,1191
STMMW_01441_1,117,459
STMMW_01921_1,297,1071
STMMW_01461_1,458,1405
STMMW_02101_1,262,908
STMMW_01901_1,999,3258
STMMW_01481_1,881,2728
STMMW_02351_1,827,2620
STMMW_02431_1,165,618
STMMW_02411_1,263,907
STMMW_02251_1,395,1279
STMMW_02471_1,514,1592
STMMW_02271_1,524,1753
STMMW_02211_1,545,1840
STMMW_02231_1,595,1961
STMMW_02611_1,513,1656
STMMW_02521_1,521,1441
STMMW_02631_1,510,1686
STMMW_02381_1,685,2195
STMMW_02501_1,293,922
STMMW_02531_1,738,2358
STMMW_02321_1,725,2353
STMMW_02151_1,1026,3258
STMMW_02301_1,1627,5618
STMMW_02481_1,1217,3940
STMMW_02171_1,243,918
STMMW_02361_1,443,1348
STMMW_03181_1,280,944
STMMW_02341_1,572,1795
STMMW_02281_1,644,1930
STMMW_02131_1,518,1579
STMMW_03201_1,1809,5526
STMMW_02241_1,534,1644
STMMW_02181_1,987,2919
STMMW_02261_1,848,2743
STMMW_02461_1,316,953
STMMW_02441_1,154,503
STMMW_02201_1,1910,6109
STMMW_03211_1,392,1345
STMMW_02221_1,498,1680
STMMW_02191_1,592,1883
STMMW_02591_1,945,3159
STMMW_02451_1,374,1264
STMMW_02601_1,482,1786
STMMW_02621_1,299,1105
STMMW_02511_1,582,1866
STMMW_02141_1,1004,3550
STMMW_02532_1,373,1328
STMMW_02331_1,331,1037
STMMW_03171_1,488,1672
STMMW_02491_1,514,1610
STMMW_02311_1,325,1133
STMMW_03191_1,547,1757
STMMW_02121_1,568,1835
STMMW_02571_1,566,1774
STMMW_02371_1,2450,7999
STMMW_02291_1,992,3067
STMMW_04381_1,664,2000
STMMW_04541_1,213,750
STMMW_04481_1,233,694
STMMW_04411_1,1366,4295
STMMW_04561_1,592,1838
STMMW_04671_1,473,1597
STMMW_04391_1,826,2684
STMMW_03321_1,835,2477
STMMW_04301_1,1004,3208
STMMW_04651_1,2203,7220
STMMW_04461_1,790,2567
STMMW_04401_1,1038,3318
STMMW_04631_1,681,2046
STMMW_04611_1,196,659
STMMW_04281_1,1986,6933
STMMW_04361_1,184,644
STMMW_03231_1,467,1756
STMMW_03291_1,859,2876
STMMW_03271_1,1054,3320
STMMW_04591_1,130,446
STMMW_04691_1,1049,2911
STMMW_04421_1,685,2240
STMMW_04261_1,931,2831
STMMW_04531_1,172,629
STMMW_04511_1,516,1626
STMMW_04701_1,991,3122
STMMW_04571_1,334,1034
STMMW_04491_1,150,498
STMMW_04551_1,799,2540
STMMW_03331_1,924,2829
STMMW_04661_1,863,2746
STMMW_04451_1,812,2581
STMMW_03311_1,674,2485
STMMW_04641_1,881,2638
STMMW_04621_1,613,2123
STMMW_04291_1,62,244
STMMW_04351_1,480,1419
STMMW_04601_1,488,1546
STMMW_04441_1,412,1460
STMMW_04371_1,1213,3665
STMMW_04501_1,777,2508
STMMW_03281_1,321,1056
STMMW_04581_1,420,1218
STMMW_04471_1,768,2517
STMMW_04681_1,923,2965
STMMW_04271_1,1302,4575
STMMW_04521_1,906,2730
STMMW_03301_1,260,946
STMMW_03221_1,527,1777
STMMW_03241_1,755,2413
STMMW_05161_1,437,1462
STMMW_04711_1,1270,4184
STMMW_04811_1,216,828
STMMW_04731_1,397,1349
STMMW_05281_1,584,1873
STMMW_04831_1,537,2055
STMMW_05261_1,492,1596
STMMW_04851_1,299,1051
STMMW_05241_1,282,843
STMMW_04871_1,357,1056
STMMW_05221_1,212,607
STMMW_05201_1,910,2906
STMMW_05141_1,610,2261
STMMW_04941_1,166,563
STMMW_04921_1,1334,4255
STMMW_05031_1,443,1330
STMMW_05231_1,1263,4353
STMMW_05191_1,426,1446
STMMW_04901_1,345,1203
STMMW_05051_1,342,1188
STMMW_05311_1,1276,4043
STMMW_05331_1,246,771
STMMW_04881_1,299,961
STMMW_05131_1,1380,4596
STMMW_04741_1,775,2420
STMMW_05111_1,225,765
STMMW_04761_1,248,751
STMMW_05151_1,1142,3286
STMMW_04721_1,410,1399
STMMW_05291_1,738,2430
STMMW_05271_1,1225,3878
STMMW_04841_1,388,1232
STMMW_04781_1,725,2191
STMMW_04861_1,804,2508
STMMW_05211_1,1664,5401
STMMW_04951_1,998,3349
STMMW_04931_1,672,2028
STMMW_05041_1,634,2102
STMMW_05101_1,656,2017
STMMW_05181_1,904,2993
STMMW_04911_1,698,2227
STMMW_05061_1,1016,3034
STMMW_05301_1,321,1056
STMMW_05251_1,263,934
STMMW_05321_1,1332,4014
STMMW_05171_1,219,735
STMMW_05121_1,369,1179
STMMW_05341_1,1009,2852
STMMW_04751_1,752,2632
STMMW_04771_1,1369,4175
STMMW_05381_1,1114,3539
STMMW_05631_1,950,2713
STMMW_05611_1,902,3013
STMMW_06031_1,514,1655
STMMW_05791_1,746,2656
STMMW_06011_1,781,2423
STMMW_05651_1,358,1082
STMMW_05441_1,224,901
STMMW_05751_1,555,1758
STMMW_06051_1,922,3236
STMMW_05561_1,448,1370
STMMW_05481_1,2377,7712
STMMW_05541_1,1449,4338
STMMW_05711_1,641,2113
STMMW_06091_1,147,492
STMMW_05521_1,282,852
STMMW_05731_1,566,1774
STMMW_05461_1,894,2688
STMMW_05681_1,1888,5618
STMMW_05351_1,610,1973
STMMW_06101_1,659,1942
STMMW_05551_1,227,835
STMMW_05371_1,302,868
STMMW_06121_1,395,1207
STMMW_05581_1,464,1471
STMMW_05471_1,448,1514
STMMW_05621_1,1333,3698
STMMW_05451_1,2297,7153
STMMW_05601_1,675,2241
STMMW_05401_1,93,330
STMMW_06021_1,384,1146
STMMW_05771_1,534,1527
STMMW_05781_1,1818,5427
STMMW_05431_1,140,517
STMMW_05571_1,1280,4417
STMMW_05741_1,597,1968
STMMW_05411_1,316,1097
STMMW_06041_1,316,1169
STMMW_05761_1,416,1429
STMMW_05531_1,406,1250
STMMW_05701_1,336,1023
STMMW_05721_1,470,1564
STMMW_05691_1,279,972
STMMW_05591_1,710,2179
STMMW_05501_1,117,387
STMMW_05361_1,446,1264
STMMW_06131_1,500,1579
STMMW_06841_1,683,2008
STMMW_06151_1,720,2304
STMMW_06431_1,454,1508
STMMW_06171_1,431,1468
STMMW_06691_1,420,1434
STMMW_06581_1,1023,2712
STMMW_06721_1,493,1748
STMMW_06701_1,786,2922
STMMW_06541_1,786,2625
STMMW_06561_1,798,2172
STMMW_06741_1,1139,3559
STMMW_06351_1,1417,4496
STMMW_06501_1,1548,5220
STMMW_06331_1,1032,3153
STMMW_06521_1,131,526
STMMW_06831_1,1089,3303
STMMW_06641_1,309,933
STMMW_06311_1,414,1269
STMMW_06811_1,300,933
STMMW_06481_1,771,2586
STMMW_06291_1,975,3003
STMMW_06461_1,227,799
STMMW_06601_1,883,2645
STMMW_06141_1,1855,5984
STMMW_06441_1,248,859
STMMW_06621_1,597,1977
STMMW_06161_1,386,1171
STMMW_06181_1,505,1664
STMMW_06681_1,842,2641
STMMW_06591_1,727,2144
STMMW_06731_1,382,1310
STMMW_06551_1,601,1784
STMMW_06341_1,882,2862
STMMW_06571_1,841,2183
STMMW_06321_1,779,2749
STMMW_06511_1,878,2767
STMMW_06301_1,178,533
STMMW_06651_1,1599,4719
STMMW_06821_1,555,1866
STMMW_06531_1,2876,8779
STMMW_06791_1,305,982
STMMW_06671_1,827,2440
STMMW_06801_1,877,2840
STMMW_06472_1,184,563
STMMW_06611_1,1181,3652
STMMW_06861_1,1147,3443
STMMW_06281_1,655,1910
STMMW_06451_1,397,1349
STMMW_07401_1,882,2781
STMMW_07021_1,832,2804
STMMW_07361_1,868,2660
STMMW_07281_1,507,1518
STMMW_06991_1,659,2203
STMMW_07321_1,565,2072
STMMW_07131_1,1762,5987
STMMW_07301_1,622,2159
STMMW_07511_1,291,1068
STMMW_06911_1,481,1562
STMMW_07551_1,367,1262
STMMW_06931_1,368,1351
STMMW_07571_1,319,1139
STMMW_06891_1,759,2472
STMMW_07381_1,1120,3875
STMMW_07451_1,899,3322
STMMW_06951_1,287,865
STMMW_07001_1,399,1329
STMMW_07491_1,1029,3183
STMMW_07061_1,332,1072
STMMW_06871_1,694,2033
STMMW_07461_1,211,788
STMMW_07181_1,304,1118
STMMW_07111_1,761,2335
STMMW_07411_1,834,2631
STMMW_07351_1,986,3289
STMMW_07471_1,982,2933
STMMW_06981_1,674,2224
STMMW_07291_1,551,1672
STMMW_07031_1,878,2560
STMMW_07101_1,456,1470
STMMW_07311_1,1144,3473
STMMW_07041_1,821,2518
STMMW_07441_1,1123,3881
STMMW_07501_1,695,2086
STMMW_06901_1,1161,3825
STMMW_07521_1,345,1248
STMMW_06921_1,946,2816
STMMW_07051_1,1332,4374
STMMW_07391_1,544,1715
STMMW_07561_1,1164,3624
STMMW_06881_1,220,671
STMMW_06961_1,599,1768
STMMW_07121_1,437,1336
STMMW_07481_1,849,2571
STMMW_07261_1,696,2112
STMMW_07011_1,182,610
STMMW_07071_1,211,743
STMMW_07421_1,549,1854
STMMW_07431_1,1472,4387
STMMW_08121_1,734,2425
STMMW_08351_1,778,2399
STMMW_08101_1,698,2119
STMMW_07611_1,2021,6034
STMMW_08371_1,712,2276
STMMW_08311_1,578,1789
STMMW_07861_1,749,2140
STMMW_08081_1,733,2399
STMMW_07651_1,133,488
STMMW_07671_1,1095,3351
STMMW_08271_1,719,2422
STMMW_08251_1,748,2375
STMMW_08061_1,361,1214
STMMW_07941_1,903,2724
STMMW_08391_1,893,2779
STMMW_07711_1,542,1663
STMMW_07961_1,649,1961
STMMW_07591_1,1511,5086
STMMW_07901_1,263,781
STMMW_07921_1,477,1683
STMMW_07681_1,532,1700
STMMW_07981_1,828,2592
STMMW_08341_1,569,1501
STMMW_07601_1,505,1529
STMMW_08111_1,254,907
STMMW_07621_1,466,1289
STMMW_08091_1,505,1655
STMMW_07642_1,72,198
STMMW_07641_1,1284,3756
STMMW_08321_1,175,581
STMMW_07871_1,888,2964
STMMW_07661_1,987,3279
STMMW_07851_1,580,1796
STMMW_08051_1,958,2921
STMMW_08261_1,822,2625
STMMW_08071_1,526,1841
STMMW_07951_1,857,2644
STMMW_08381_1,929,2923
STMMW_08241_1,510,1749
STMMW_07891_1,289,881
STMMW_08011_1,279,936
STMMW_07971_1,1114,3593
STMMW_07701_1,688,2111
STMMW_08031_1,310,977
STMMW_07581_1,969,2991
STMMW_07931_1,1951,6455
STMMW_08331_1,564,1758
STMMW_07691_1,500,1471
STMMW_07991_1,79,263
STMMW_08281_1,702,2349
STMMW_08801_1,495,1485
STMMW_08651_1,543,1734
STMMW_08821_1,344,1168
STMMW_08591_1,519,1596
STMMW_08781_1,1649,5020
STMMW_08571_1,193,563
STMMW_08551_1,370,1169
STMMW_08881_1,672,2091
STMMW_08531_1,687,2040
STMMW_09001_1,1054,3563
STMMW_08701_1,723,2265
STMMW_08931_1,529,1901
STMMW_08721_1,1023,3072
STMMW_08681_1,831,2562
STMMW_08971_1,936,2790
STMMW_08761_1,177,624
STMMW_08401_1,686,2140
STMMW_08951_1,639,2061
STMMW_08421_1,1213,3845
STMMW_08441_1,333,1098
STMMW_08871_1,858,2481
STMMW_08461_1,715,2408
STMMW_08811_1,511,1730
STMMW_08661_1,318,915
STMMW_08481_1,541,1727
STMMW_08831_1,728,1936
STMMW_08641_1,867,2859
STMMW_08581_1,320,1039
STMMW_08561_1,350,1108
STMMW_08841_1,361,1187
STMMW_08991_1,1398,4218
STMMW_08791_1,515,1654
STMMW_08541_1,685,2285
STMMW_08501_1,1457,4609
STMMW_09011_1,690,2073
STMMW_08711_1,472,1553
STMMW_08731_1,1456,4682
STMMW_08691_1,1253,3958
STMMW_08961_1,549,1701
STMMW_08751_1,199,584
STMMW_08941_1,1726,5573
STMMW_08411_1,491,1543
STMMW_08771_1,642,2139
STMMW_08431_1,1166,3397
STMMW_08631_1,730,2159
STMMW_08451_1,917,2953
STMMW_08471_1,875,2599
STMMW_08861_1,330,1092
STMMW_08671_1,806,2515
STMMW_08491_1,534,1527
STMMW_09521_1,1237,3740
STMMW_09291_1,806,2596
STMMW_09191_1,951,2685
STMMW_09501_1,1178,3781
STMMW_09561_1,146,520
STMMW_09041_1,268,884
STMMW_09231_1,166,626
STMMW_09541_1,815,2542
STMMW_09681_1,1333,3833
STMMW_09211_1,1258,3800
STMMW_09271_1,314,1117
STMMW_09491_1,695,2221
STMMW_09641_1,685,2051
STMMW_09391_1,538,1613
STMMW_09021_1,685,2051
STMMW_09251_1,475,1505
STMMW_09621_1,471,1563
STMMW_09351_1,197,766
STMMW_09161_1,425,1402
STMMW_09371_1,491,1705
STMMW_09141_1,841,2768
STMMW_09311_1,657,1881
STMMW_09431_1,232,740
STMMW_09451_1,704,2338
STMMW_09471_1,746,2215
STMMW_09531_1,649,2258
STMMW_09281_1,765,2574
STMMW_09511_1,601,1775
STMMW_09571_1,200,763
STMMW_09221_1,266,868
STMMW_09261_1,699,2010
STMMW_09481_1,1225,3932
STMMW_09671_1,507,1608
STMMW_09241_1,219,654
STMMW_09381_1,515,1492
STMMW_09031_1,920,3058
STMMW_09631_1,618,1965
STMMW_09171_1,948,2751
STMMW_09341_1,948,3084
STMMW_09401_1,494,1702
STMMW_09151_1,527,1750
STMMW_09361_1,964,3500
STMMW_09421_1,362,1186
STMMW_09131_1,441,1440
STMMW_09301_1,709,2153
STMMW_09441_1,600,1893
STMMW_09321_1,350,1072
STMMW_09461_1,1056,3246
STMMW_09741_1,967,3065
STMMW_09991_1,547,1694
STMMW_10061_1,1323,4203
STMMW_09971_1,865,2834
STMMW_10041_1,485,1630
STMMW_09951_1,1257,3990
STMMW_10001_1,624,2058
STMMW_09931_1,196,659
STMMW_09911_1,511,1541
STMMW_10101_1,723,2553
STMMW_10811_1,1108,3653
STMMW_10781_1,378,1314
STMMW_09881_1,750,2517
STMMW_09761_1,1678,5657
STMMW_09841_1,1575,5274
STMMW_10721_1,350,1279
STMMW_10091_1,845,2728
STMMW_09861_1,1218,4065
STMMW_09711_1,357,1128
STMMW_10071_1,396,1251
STMMW_09731_1,390,1455
STMMW_10761_1,884,2878
STMMW_09751_1,911,2968
STMMW_10031_1,902,3067
STMMW_10741_1,1480,4847
STMMW_10011_1,582,1749
STMMW_09981_1,118,431
STMMW_09791_1,837,2610
STMMW_09961_1,764,2170
STMMW_10701_1,1786,6053
STMMW_10051_1,3141,10260
STMMW_09941_1,1618,5177
STMMW_09921_1,1200,3822
STMMW_09691_1,1312,3989
STMMW_10151_1,827,2782
STMMW_10821_1,286,1073
STMMW_10111_1,999,3204
STMMW_10801_1,369,1188
STMMW_10791_1,111,393
STMMW_09891_1,948,2904
STMMW_10731_1,802,2528
STMMW_10081_1,449,1495
STMMW_09851_1,604,1970
STMMW_10711_1,722,2311
STMMW_10751_1,1313,4411
STMMW_10021_1,558,1854
STMMW_09871_1,487,1592
STMMW_09701_1,701,2206
STMMW_10771_1,1143,3780
STMMW_09811_1,532,1943
STMMW_10921_1,219,735
STMMW_11331_1,2965,8924
STMMW_11311_1,465,1452
STMMW_11101_1,305,1018
STMMW_11161_1,601,1775
STMMW_11291_1,442,1349
STMMW_11121_1,1070,3331
STMMW_10981_1,463,1274
STMMW_11461_1,375,1083
STMMW_11141_1,249,894
STMMW_11441_1,508,1706
STMMW_11181_1,620,2071
STMMW_10831_1,769,2390
STMMW_11211_1,224,694
STMMW_11021_1,224,802
STMMW_10871_1,340,1001
STMMW_11251_1,441,1431
STMMW_10851_1,403,1415
STMMW_11061_1,544,1697
STMMW_11271_1,871,2855
STMMW_10891_1,323,1054
STMMW_10971_1,222,768
STMMW_11081_1,361,1178
STMMW_10911_1,310,941
STMMW_11341_1,1109,3418
STMMW_10931_1,852,2784
STMMW_11321_1,272,916
STMMW_11301_1,108,396
STMMW_11111_1,937,2933
STMMW_11471_1,523,1718
STMMW_11281_1,140,544
STMMW_11131_1,552,2004
STMMW_11451_1,387,1278
STMMW_11151_1,581,1831
STMMW_11431_1,661,2156
STMMW_11171_1,971,3160
STMMW_11191_1,664,2090
STMMW_11031_1,1110,3948
STMMW_11201_1,230,859
STMMW_10861_1,1574,4888
STMMW_11221_1,626,2137
STMMW_10841_1,360,1170
STMMW_11071_1,280,953
STMMW_11240_1,290,799
STMMW_11241_1,1420,4241
STMMW_11261_1,391,1130
STMMW_10881_1,1410,4755
STMMW_11091_1,1036,3653
STMMW_10961_1,198,648
STMMW_10901_1,490,1499
STMMW_11521_1,324,1044
STMMW_11831_1,293,922
STMMW_11781_1,1186,3539
STMMW_11641_1,677,2482
STMMW_11811_1,490,1490
STMMW_11481_1,280,971
STMMW_11661_1,410,1309
STMMW_11871_1,560,1789
STMMW_11601_1,160,524
STMMW_11851_1,870,2766
STMMW_11621_1,939,2706
STMMW_11981_1,429,1326
STMMW_11681_1,793,2564
STMMW_11901_1,652,2201
STMMW_11591_1,1827,5805
STMMW_11731_1,437,1507
STMMW_12001_1,128,394
STMMW_11921_1,654,2208
STMMW_11711_1,753,2388
STMMW_12021_1,710,2152
STMMW_11881_1,500,1597
STMMW_11771_1,676,2096
STMMW_11571_1,808,2657
STMMW_11751_1,391,1364
STMMW_11511_1,306,1062
STMMW_11651_1,391,1337
STMMW_11821_1,293,958
STMMW_11531_1,233,748
STMMW_11791_1,285,984
STMMW_11491_1,256,932
STMMW_11671_1,71,271
STMMW_11801_1,193,689
STMMW_11611_1,219,906
STMMW_11861_1,576,1692
STMMW_11631_1,616,2147
STMMW_11841_1,528,1569
STMMW_11991_1,360,1206
STMMW_11691_1,163,602
STMMW_11581_1,1012,3596
STMMW_11721_1,379,1304
STMMW_11911_1,1152,3834
STMMW_12011_1,815,2425
STMMW_11541_1,224,739
STMMW_11891_1,833,2461
STMMW_11761_1,470,1474
STMMW_12031_1,691,2099
STMMW_11741_1,879,2748
STMMW_11501_1,412,1541
STMMW_12071_1,564,1866
STMMW_12351_1,769,2642
STMMW_12111_1,570,1824
STMMW_12581_1,308,1096
STMMW_12391_1,751,2615
STMMW_12151_1,292,833
STMMW_12621_1,1125,3780
STMMW_12451_1,305,1081
STMMW_12601_1,362,1231
STMMW_12291_1,670,2066
STMMW_12271_1,507,1599
STMMW_12641_1,619,1820
STMMW_12441_1,760,2561
STMMW_12251_1,2467,7874
STMMW_12061_1,874,2744
STMMW_12231_1,193,581
STMMW_12211_1,393,1227
STMMW_12551_1,318,1095
STMMW_12531_1,154,485
STMMW_12541_1,167,625
STMMW_12041_1,539,1666
STMMW_12081_1,667,2204
STMMW_12181_1,728,2350
STMMW_12401_1,1010,3382
STMMW_12301_1,561,1905
STMMW_12321_1,585,1755
STMMW_12091_1,488,1438
STMMW_12411_1,466,1559
STMMW_12121_1,1077,3225
STMMW_12591_1,725,2407
STMMW_12101_1,749,2266
STMMW_12511_1,150,570
STMMW_12631_1,732,2193
STMMW_12141_1,254,826
STMMW_12281_1,887,2848
STMMW_12611_1,235,710
STMMW_12261_1,955,2978
STMMW_12421_1,955,3158
STMMW_12431_1,493,1451
STMMW_12651_1,565,1829
STMMW_12171_1,595,1880
STMMW_12201_1,954,2961
STMMW_12561_1,219,816
STMMW_12562_1,69,309
STMMW_12221_1,439,1469
STMMW_12161_1,455,1462
STMMW_12521_1,360,1206
STMMW_12051_1,155,556
STMMW_12311_1,693,2448
STMMW_13061_1,951,3081
STMMW_12661_1,435,1338
STMMW_13081_1,303,948
STMMW_12681_1,181,800
STMMW_12801_1,124,434
STMMW_13181_1,230,796
STMMW_12821_1,173,583
STMMW_13161_1,648,2079
STMMW_12841_1,239,805
STMMW_13141_1,732,2175
STMMW_12861_1,558,1827
STMMW_12862_1,378,963
STMMW_13121_1,1128,3309
STMMW_12881_1,393,1164
STMMW_13101_1,901,2780
STMMW_12781_1,126,423
STMMW_12921_1,501,1740
STMMW_12901_1,850,3011
STMMW_12761_1,496,1421
STMMW_13011_1,741,2310
STMMW_12701_1,582,1785
STMMW_13031_1,393,1263
STMMW_12721_1,569,1978
STMMW_13051_1,1401,4449
STMMW_13091_1,536,1885
STMMW_12691_1,406,1538
STMMW_12811_1,173,574
STMMW_13191_1,228,735
STMMW_12831_1,233,703
STMMW_13171_1,576,1908
STMMW_12851_1,968,2587
STMMW_13151_1,310,1148
STMMW_13131_1,983,3049
STMMW_12671_1,797,2605
STMMW_13111_1,742,2363
STMMW_12791_1,463,1463
STMMW_12931_1,791,2800
STMMW_12911_1,1288,4517
STMMW_12971_1,724,2264
STMMW_12981_1,286,1046
STMMW_12771_1,240,849
STMMW_12951_1,619,2036
STMMW_12711_1,402,1380
STMMW_13001_1,439,1532
STMMW_12731_1,159,588
STMMW_13021_1,1331,4240
STMMW_12991_1,172,665
STMMW_13041_1,772,2360
STMMW_13201_1,1012,3065
STMMW_13211_1,229,815
STMMW_13881_1,2216,6973
STMMW_13741_1,989,3052
STMMW_13531_1,134,442
STMMW_13241_1,528,1749
STMMW_13761_1,998,3466
STMMW_13511_1,481,1661
STMMW_13701_1,871,2486
STMMW_13491_1,551,1699
STMMW_13721_1,305,928
STMMW_13801_1,275,976
STMMW_13451_1,1733,5431
STMMW_13271_1,1094,3082
STMMW_13781_1,876,2940
STMMW_13311_1,598,1985
STMMW_13331_1,705,2094
STMMW_13431_1,258,813
STMMW_13291_1,506,1501
STMMW_13261_1,162,567
STMMW_13351_1,668,2212
STMMW_13551_1,583,1919
STMMW_13371_1,594,1917
STMMW_13891_1,761,2308
STMMW_13251_1,1585,5174
STMMW_13521_1,998,3331
STMMW_13751_1,246,861
STMMW_13501_1,325,1070
STMMW_13771_1,522,1719
STMMW_13441_1,696,2256
STMMW_13711_1,2206,6965
STMMW_13541_1,727,2414
STMMW_13811_1,757,2249
STMMW_13481_1,364,1292
STMMW_13731_1,130,437
STMMW_13831_1,981,3096
STMMW_13471_1,799,2171
STMMW_13301_1,360,1251
STMMW_13651_1,552,1725
STMMW_13461_1,208,692
STMMW_13791_1,895,2768
STMMW_13321_1,194,679
STMMW_13401_1,1246,4541
STMMW_13231_1,917,3151
STMMW_13341_1,532,1745
STMMW_13421_1,146,448
STMMW_13281_1,417,1383
STMMW_13561_1,1667,5470
STMMW_13411_1,276,1029
STMMW_13221_1,494,1801
STMMW_14251_1,182,619
STMMW_14121_1,161,523
STMMW_14021_1,195,786
STMMW_14141_1,476,1774
STMMW_14001_1,804,2832
STMMW_14161_1,430,1595
STMMW_14261_1,517,1823
STMMW_14181_1,236,871
STMMW_13981_1,271,935
STMMW_14391_1,815,2479
STMMW_14271_1,704,2473
STMMW_14361_1,230,814
STMMW_14332_1,74,196
STMMW_14341_1,404,1342
STMMW_14311_1,933,2685
STMMW_14371_1,451,1493
STMMW_13971_1,1891,6398
STMMW_14091_1,579,1770
STMMW_13951_1,533,1654
STMMW_14281_1,1041,3081
STMMW_14111_1,120,528
STMMW_14071_1,283,968
STMMW_13931_1,151,488
STMMW_14201_1,963,2943
STMMW_14131_1,159,588
STMMW_14051_1,936,3429
STMMW_13911_1,1317,4020
STMMW_14151_1,372,1275
STMMW_14031_1,362,1411
STMMW_14331_1,721,2357
STMMW_14171_1,669,2382
STMMW_14191_1,1461,4677
STMMW_13991_1,1029,3453
STMMW_14241_1,472,1472
STMMW_14381_1,283,941
STMMW_14221_1,234,891
STMMW_14321_1,664,2135
STMMW_14231_1,663,2244
STMMW_14301_1,739,2708
STMMW_13961_1,408,1509
STMMW_14081_1,263,1042
STMMW_13941_1,690,2190
STMMW_14061_1,430,1334
STMMW_13921_1,452,1411
STMMW_14291_1,455,1471
STMMW_14101_1,482,1588
STMMW_14041_1,309,1113
STMMW_13901_1,530,1729
STMMW_14491_1,839,2527
STMMW_14791_1,1109,3481
STMMW_14871_1,677,2023
STMMW_14642_1,87,291
STMMW_14641_1,145,503
STMMW_14431_1,374,1192
STMMW_14921_1,525,1419
STMMW_14661_1,728,2278
STMMW_14411_1,154,566
STMMW_14471_1,307,1016
STMMW_14591_1,812,2365
STMMW_14621_1,450,1296
STMMW_14831_1,246,744
STMMW_14451_1,627,2064
STMMW_14811_1,805,2300
STMMW_14551_1,1101,3417
STMMW_14761_1,247,761
STMMW_14571_1,547,1532
STMMW_14681_1,837,2691
STMMW_14511_1,430,1541
STMMW_14721_1,921,2985
STMMW_14701_1,999,3213
STMMW_14911_1,798,2649
STMMW_14931_1,617,2092
STMMW_14481_1,363,1041
STMMW_14521_1,865,2960
STMMW_14781_1,671,2164
STMMW_14421_1,637,2054
STMMW_14651_1,743,2380
STMMW_14401_1,411,1389
STMMW_14671_1,1053,3474
STMMW_14841_1,615,1851
STMMW_14461_1,169,542
STMMW_14611_1,404,1333
STMMW_14821_1,268,821
STMMW_14441_1,1463,4657
STMMW_14581_1,448,1415
STMMW_14631_1,339,984
STMMW_14801_1,1040,3127
STMMW_14771_1,1085,3064
STMMW_14541_1,438,1380
STMMW_14751_1,534,1662
STMMW_14561_1,447,1461
STMMW_14691_1,1153,3788
STMMW_14501_1,214,776
STMMW_14881_1,878,2785
STMMW_14711_1,657,2133
STMMW_14861_1,956,2806
STMMW_14901_1,1016,2854
STMMW_15321_1,717,2469
STMMW_15151_1,270,909
STMMW_14941_1,568,1565
STMMW_15111_1,535,1706
STMMW_15341_1,261,774
STMMW_15031_1,228,798
STMMW_15241_1,1007,3160
STMMW_15871_1,159,543
STMMW_15531_1,1383,4845
STMMW_15261_1,244,836
STMMW_15191_1,273,1032
STMMW_15851_1,361,1187
STMMW_15201_1,308,997
STMMW_15831_1,454,1544
STMMW_14991_1,1694,5632
STMMW_15221_1,919,2636
STMMW_15811_1,773,2413
STMMW_15541_1,1821,5766
STMMW_15591_1,145,503
STMMW_15601_1,97,335
STMMW_15621_1,677,2113
STMMW_15701_1,413,1324
STMMW_15091_1,143,469
STMMW_15051_1,824,2821
STMMW_15681_1,274,869
STMMW_14951_1,423,1422
STMMW_15331_1,297,936
STMMW_15561_1,550,1808
STMMW_15551_1,1266,4089
STMMW_15101_1,447,1614
STMMW_15371_1,1264,4145
STMMW_15121_1,1392,4737
STMMW_15351_1,435,1392
STMMW_15571_1,215,775
STMMW_15251_1,656,2125
STMMW_15861_1,352,998
STMMW_15041_1,255,726
STMMW_15211_1,486,1512
STMMW_15841_1,751,2462
STMMW_15021_1,361,1322
STMMW_15231_1,626,1993
STMMW_15821_1,1491,4872
STMMW_15791_1,1100,3382
STMMW_15001_1,220,707
STMMW_15581_1,305,991
STMMW_15611_1,1182,3912
STMMW_15771_1,576,1962
STMMW_15801_1,130,536
STMMW_15691_1,1162,3302
STMMW_15991_1,1362,4533
STMMW_16171_1,1123,3845
STMMW_16781_1,1092,3534
STMMW_16431_1,280,953
STMMW_16331_1,454,1535
STMMW_16451_1,215,685
STMMW_16131_1,546,1830
STMMW_16471_1,315,990
STMMW_16391_1,227,745
STMMW_16511_1,1021,3101
STMMW_16571_1,646,2198
STMMW_16501_1,621,2187
STMMW_16551_1,381,1167
STMMW_16761_1,714,2184
STMMW_16841_1,153,522
STMMW_16041_1,757,2285
STMMW_16591_1,699,2397
STMMW_16061_1,355,1265
STMMW_16801_1,976,3236
STMMW_16021_1,474,1533
STMMW_16341_1,370,1223
STMMW_16611_1,495,1566
STMMW_16401_1,125,451
STMMW_15981_1,153,540
STMMW_16181_1,1092,3435
STMMW_16361_1,2723,8986
STMMW_16791_1,771,2415
STMMW_16421_1,687,2283
STMMW_16441_1,112,356
STMMW_16461_1,2532,8043
STMMW_16481_1,245,772
STMMW_16521_1,693,2259
STMMW_15881_1,982,2978
STMMW_16751_1,549,1638
STMMW_16561_1,539,1846
STMMW_16771_1,365,1156
STMMW_15901_1,1553,4882
STMMW_16541_1,387,1305
STMMW_16851_1,437,1570
STMMW_16051_1,690,2253
STMMW_16581_1,184,581
STMMW_16871_1,1171,3779
STMMW_16831_1,274,806
STMMW_16601_1,413,1396
STMMW_16351_1,591,1812
STMMW_16031_1,409,1382
STMMW_16371_1,447,1371
STMMW_15921_1,1044,3294
STMMW_16411_1,1917,5994
STMMW_17221_1,609,1812
STMMW_17201_1,967,3110
STMMW_17081_1,701,2224
STMMW_17321_1,553,1634
STMMW_16911_1,578,1843
STMMW_16881_1,597,1788
STMMW_17131_1,540,1746
STMMW_17391_1,660,2067
STMMW_17331_1,223,668
STMMW_17041_1,244,683
STMMW_17111_1,168,588
STMMW_16991_1,1406,4543
STMMW_16992_1,128,412
STMMW_16891_1,714,1959
STMMW_17171_1,632,2014
STMMW_17101_1,1781,6013
STMMW_17151_1,659,1969
STMMW_17071_1,1954,6074
STMMW_17051_1,546,1749
STMMW_17191_1,1194,3594
STMMW_17291_1,569,1663
STMMW_17072_1,87,300
STMMW_17281_1,282,933
STMMW_17251_1,313,1208
STMMW_17031_1,741,2607
STMMW_17341_1,1019,3364
STMMW_17401_1,685,2078
STMMW_16961_1,578,1789
STMMW_17211_1,853,2729
STMMW_17271_1,447,1470
STMMW_17011_1,227,754
STMMW_17351_1,207,783
STMMW_16921_1,495,1629
STMMW_16901_1,691,2288
STMMW_17001_1,529,1730
STMMW_17381_1,722,2302
STMMW_17121_1,731,2410
STMMW_17141_1,414,1359
STMMW_17161_1,441,1422
STMMW_16981_1,1363,4442
STMMW_17371_1,730,2285
STMMW_17361_1,553,1796
STMMW_17301_1,376,1244
STMMW_17181_1,1152,3537
STMMW_17021_1,555,1659
STMMW_17061_1,424,1349
STMMW_17261_1,622,2015
STMMW_17002_1,170,487
STMMW_17241_1,325,1187
STMMW_17311_1,296,910
STMMW_17471_1,627,2100
STMMW_17781_1,781,2576
STMMW_17651_1,539,1891
STMMW_17591_1,458,1495
STMMW_17411_1,1161,4086
STMMW_17621_1,127,566
STMMW_17601_1,954,3321
STMMW_17461_1,276,966
STMMW_17451_1,420,1434
STMMW_17661_1,298,872
STMMW_17641_1,604,1961
STMMW_17921_1,670,2075
STMMW_17561_1,2544,8688
STMMW_17901_1,538,1667
STMMW_17681_1,753,2496
STMMW_17541_1,502,1631
STMMW_17961_1,960,3639
STMMW_17941_1,788,2425
STMMW_17881_1,1197,3942
STMMW_17501_1,298,1079
STMMW_17711_1,629,1927
STMMW_17481_1,721,2321
STMMW_17731_1,1322,3664
STMMW_17861_1,66,204
STMMW_17751_1,438,1389
STMMW_17801_1,508,1688
STMMW_17581_1,1259,4132
STMMW_17821_1,297,918
STMMW_17791_1,1206,4176
STMMW_17631_1,821,2482
STMMW_17611_1,260,802
STMMW_17431_1,469,1475
STMMW_17671_1,608,1894
STMMW_17931_1,1323,3879
STMMW_17691_1,916,2855
STMMW_17571_1,1052,3142
STMMW_17911_1,416,1420
STMMW_17551_1,1014,3594
STMMW_17891_1,204,561
STMMW_17531_1,492,1542
STMMW_17951_1,947,2950
STMMW_17511_1,595,1934
STMMW_17701_1,419,1453
STMMW_17491_1,644,2074
STMMW_17721_1,708,2136
STMMW_17871_1,961,3017
STMMW_17741_1,190,647
STMMW_17811_1,438,1353
STMMW_17761_1,775,2501
STMMW_17831_1,635,1912
STMMW_18311_1,557,1819
STMMW_18191_1,1247,3865
STMMW_17981_1,1138,3497
STMMW_18281_1,1261,3977
STMMW_18021_1,91,323
STMMW_18001_1,220,806
STMMW_18241_1,650,1933
STMMW_18061_1,513,1611
STMMW_18261_1,423,1278
STMMW_18041_1,467,1513
STMMW_18431_1,115,380
STMMW_18221_1,692,2215
STMMW_18081_1,176,625
STMMW_18141_1,236,799
STMMW_18411_1,116,460
STMMW_18381_1,1950,5952
STMMW_18161_1,971,3124
STMMW_18101_1,1212,3846
STMMW_18341_1,1429,4718
STMMW_18121_1,518,1570
STMMW_18321_1,1091,3031
STMMW_18301_1,177,543
STMMW_18361_1,424,1331
STMMW_18181_1,959,3136
STMMW_18551_1,655,1973
STMMW_17991_1,375,1218
STMMW_18294_1,90,342
STMMW_18292_1,94,338
STMMW_18293_1,203,661
STMMW_18031_1,282,1104
STMMW_18011_1,111,411
STMMW_18251_1,316,1061
STMMW_18071_1,601,1838
STMMW_18441_1,472,1697
STMMW_18271_1,568,1862
STMMW_18051_1,210,789
STMMW_17971_1,510,1650
STMMW_18421_1,438,1515
STMMW_18211_1,207,801
STMMW_18401_1,156,564
STMMW_18151_1,114,426
STMMW_18231_1,620,1783
STMMW_18091_1,794,2590
STMMW_18391_1,1032,3288
STMMW_18171_1,436,1301
STMMW_18371_1,923,2929
STMMW_18111_1,422,1324
STMMW_18351_1,490,1571
STMMW_18131_1,1390,4343
STMMW_18331_1,627,2019
STMMW_18671_1,1010,3418
STMMW_18871_1,269,919
STMMW_18691_1,1078,3251
STMMW_18991_1,259,911
STMMW_18731_1,595,1826
STMMW_19101_1,291,996
STMMW_18851_1,401,1300
STMMW_18711_1,955,3005
STMMW_19121_1,582,1830
STMMW_18951_1,306,873
STMMW_19141_1,338,1174
STMMW_19081_1,235,818
STMMW_18971_1,839,2617
STMMW_18751_1,694,2096
STMMW_18561_1,284,841
STMMW_18911_1,396,1314
STMMW_19001_1,754,2396
STMMW_19061_1,585,1908
STMMW_18881_1,515,1717
STMMW_19041_1,1448,4600
STMMW_18601_1,1399,4757
STMMW_18591_1,480,1617
STMMW_18621_1,239,823
STMMW_18821_1,520,1703
STMMW_18641_1,884,2653
STMMW_18661_1,1338,4098
STMMW_18681_1,610,2000
STMMW_18841_1,1267,4052
STMMW_18981_1,440,1495
STMMW_18721_1,680,2326
STMMW_19111_1,996,3270
STMMW_19131_1,422,1252
STMMW_18941_1,753,2667
STMMW_18761_1,452,1384
STMMW_18571_1,169,524
STMMW_18961_1,1565,4672
STMMW_18741_1,622,1736
STMMW_18901_1,542,1699
STMMW_19031_1,378,1134
STMMW_18921_1,1216,3986
STMMW_19011_1,615,1986
STMMW_19071_1,389,1366
STMMW_19051_1,641,2149
STMMW_18891_1,678,2238
STMMW_18611_1,477,1503
STMMW_18581_1,468,1503
STMMW_18631_1,189,684
STMMW_18831_1,306,1053
STMMW_18651_1,493,1433
STMMW_18811_1,380,1186
STMMW_19331_1,580,1823
STMMW_19471_1,267,894
STMMW_19641_1,142,542
STMMW_19311_1,494,1513
STMMW_19451_1,930,2868
STMMW_19661_1,1220,3919
STMMW_19591_1,544,1670
STMMW_19431_1,948,3507
STMMW_19601_1,202,608
STMMW_19411_1,268,956
STMMW_19621_1,400,1472
STMMW_19201_1,443,1555
STMMW_19161_1,252,756
STMMW_19241_1,384,1263
STMMW_19491_1,1223,3826
STMMW_19261_1,452,1519
STMMW_19281_1,141,534
STMMW_19541_1,917,2737
STMMW_19561_1,720,2295
STMMW_19711_1,986,3307
STMMW_19501_1,718,2270
STMMW_19191_1,969,2667
STMMW_19341_1,347,1309
STMMW_19691_1,723,2040
STMMW_19521_1,1068,3045
STMMW_19751_1,139,500
STMMW_19321_1,755,2206
STMMW_19651_1,572,1876
STMMW_19461_1,162,540
STMMW_19671_1,165,573
STMMW_19581_1,293,841
STMMW_19611_1,591,1794
STMMW_19421_1,265,842
STMMW_19401_1,977,3235
STMMW_19211_1,219,762
STMMW_19171_1,308,1186
STMMW_19251_1,1308,4191
STMMW_19481_1,216,729
STMMW_19291_1,472,1697
STMMW_19721_1,489,1599
STMMW_19551_1,358,1046
STMMW_19701_1,320,1093
STMMW_19571_1,304,938
STMMW_19181_1,163,557
STMMW_19511_1,511,1676
STMMW_19681_1,701,2035
STMMW_19351_1,516,1644
STMMW_19531_1,269,1063
STMMW_20921_1,797,2722
STMMW_21521_1,1314,4257
STMMW_20411_1,1068,3297
STMMW_21091_1,428,1408
STMMW_21111_1,778,2723
STMMW_20981_1,981,3312
STMMW_21581_1,918,2808
STMMW_21301_1,985,3227
STMMW_21361_1,1029,3300
STMMW_21431_1,529,1712
STMMW_21341_1,989,3196
STMMW_21031_1,995,2920
STMMW_21471_1,547,1982
STMMW_21041_1,789,2451
STMMW_20501_1,1105,3458
STMMW_21451_1,872,2782
STMMW_21021_1,650,2050
STMMW_21001_1,672,2073
STMMW_21551_1,2143,6830
STMMW_21491_1,323,1027
STMMW_20951_1,1605,5226
STMMW_21571_1,984,3075
STMMW_21511_1,1135,3608
STMMW_20911_1,297,1107
STMMW_21531_1,443,1303
STMMW_20931_1,570,1725
STMMW_21081_1,551,1780
STMMW_21591_1,2381,6988
STMMW_21331_1,1108,3329
STMMW_21101_1,703,2249
STMMW_20991_1,1019,3076
STMMW_21121_1,989,3232
STMMW_21371_1,903,2769
STMMW_21421_1,403,1262
STMMW_20351_1,522,1872
STMMW_21061_1,418,1364
STMMW_21071_1,576,1638
STMMW_21441_1,873,2772
STMMW_20891_1,205,803
STMMW_21051_1,716,2488
STMMW_21601_1,2343,6900
STMMW_21481_1,1550,4930
STMMW_20941_1,385,1352
STMMW_21541_1,419,1507
STMMW_21011_1,609,1866
STMMW_21561_1,656,1954
STMMW_20901_1,784,2393
STMMW_21501_1,735,2433
STMMW_22261_1,572,2002
STMMW_21741_1,752,2263
STMMW_22241_1,854,2575
STMMW_21721_1,747,2412
STMMW_22011_1,438,1326
STMMW_22221_1,678,2319
STMMW_22031_1,543,1743
STMMW_22201_1,761,2272
STMMW_21851_1,794,2536
STMMW_22181_1,868,2858
STMMW_21921_1,510,1686
STMMW_22351_1,577,1997
STMMW_21671_1,928,3158
STMMW_21901_1,496,1664
STMMW_22161_1,501,1659
STMMW_22311_1,1378,4598
STMMW_21631_1,520,1649
STMMW_21941_1,684,1854
STMMW_22141_1,545,1543
STMMW_21791_1,202,743
STMMW_22081_1,454,1481
STMMW_22331_1,646,1946
STMMW_21961_1,935,2575
STMMW_21861_1,1361,4741
STMMW_21771_1,607,1796
STMMW_21981_1,1622,5272
STMMW_21751_1,655,1928
STMMW_22041_1,1010,3301
STMMW_22251_1,472,1535
STMMW_21731_1,902,2914
STMMW_22061_1,678,2139
STMMW_22231_1,745,2324
STMMW_21711_1,664,2036
STMMW_22001_1,653,2074
STMMW_22021_1,468,1323
STMMW_22191_1,830,2878
STMMW_22341_1,799,2351
STMMW_21911_1,1240,3818
STMMW_22131_1,290,907
STMMW_21931_1,85,239
STMMW_21621_1,1034,3178
STMMW_21951_1,704,2140
STMMW_22091_1,485,1621
STMMW_22321_1,1066,3344
STMMW_21971_1,670,2084
STMMW_22151_1,641,2014
STMMW_21991_1,1205,3988
STMMW_21761_1,518,1723
STMMW_23011_1,1589,5269
STMMW_22381_1,836,2557
STMMW_23031_1,182,583
STMMW_22901_1,780,2406
STMMW_22961_1,1916,5995
STMMW_22941_1,451,1502
STMMW_22412_1,108,360
STMMW_23091_1,941,2839
STMMW_22771_1,489,1455
STMMW_22431_1,718,2243
STMMW_22451_1,396,1323
STMMW_22471_1,1216,4202
STMMW_22861_1,330,1146
STMMW_22491_1,764,2314
STMMW_22801_1,363,1446
STMMW_22371_1,615,1959
STMMW_22841_1,1702,5759
STMMW_22571_1,700,2324
STMMW_23041_1,886,2687
STMMW_22572_1,160,524
STMMW_22551_1,193,662
STMMW_22881_1,1211,3721
STMMW_23061_1,686,2527
STMMW_22531_1,506,1582
STMMW_23001_1,499,1688
STMMW_22511_1,238,797
STMMW_23021_1,744,2649
STMMW_22391_1,861,2685
STMMW_22931_1,1886,6124
STMMW_22911_1,752,2407
STMMW_23081_1,1217,3670
STMMW_22951_1,2012,6529
STMMW_22851_1,179,613
STMMW_23101_1,838,2735
STMMW_22441_1,511,1649
STMMW_22871_1,341,1144
STMMW_22461_1,1127,3544
STMMW_22811_1,306,1044
STMMW_22481_1,804,2481
STMMW_22831_1,518,1570
STMMW_22581_1,1216,4067
STMMW_22361_1,1334,3733
STMMW_23181_1,450,1494
STMMW_22541_1,1234,4049
STMMW_22891_1,476,1477
STMMW_23051_1,610,2027
STMMW_22521_1,865,2708
STMMW_23071_1,962,3115
STMMW_22501_1,1211,3559
STMMW_23241_1,664,2036
STMMW_23651_1,176,643
STMMW_23341_1,933,2955
STMMW_23342_1,221,697
STMMW_23611_1,1135,3428
STMMW_23401_1,1128,3462
STMMW_23421_1,432,1233
STMMW_23301_1,720,2169
STMMW_23441_1,697,2237
STMMW_23321_1,551,1726
STMMW_23581_1,323,1045
STMMW_23461_1,955,3059
STMMW_23701_1,471,1464
STMMW_23521_1,677,2140
STMMW_23291_1,1024,3080
STMMW_23191_1,286,992
STMMW_23501_1,327,1005
STMMW_23561_1,516,1518
STMMW_23231_1,1419,4530
STMMW_23541_1,390,1410
STMMW_23681_1,375,1290
STMMW_23211_1,840,2634
STMMW_23661_1,302,1030
STMMW_23271_1,289,845
STMMW_23491_1,452,1537
STMMW_23641_1,1074,3102
STMMW_23391_1,1009,2825
STMMW_23251_1,1174,3767
STMMW_23351_1,319,1067
STMMW_23621_1,671,2191
STMMW_23601_1,1617,4818
STMMW_23411_1,1408,4118
STMMW_23412_1,231,678
STMMW_23311_1,581,1993
STMMW_23431_1,366,1263
STMMW_23331_1,1233,3780
STMMW_23591_1,869,2740
STMMW_23451_1,1912,6287
STMMW_23471_1,335,1168
STMMW_23531_1,829,2816
STMMW_23281_1,165,609
STMMW_23361_1,685,2069
STMMW_23571_1,311,1174
STMMW_23551_1,1382,4099
STMMW_23221_1,696,2256
STMMW_23201_1,418,1400
STMMW_23691_1,402,1254
STMMW_23261_1,263,745
STMMW_23481_1,1241,4168
STMMW_23671_1,727,2333
STMMW_24041_1,608,1822
STMMW_23891_1,491,1489
STMMW_24321_1,951,2775
STMMW_24301_1,706,2291
STMMW_23851_1,355,1112
STMMW_24111_1,1027,2906
STMMW_23871_1,945,2862
STMMW_24331_1,885,2724
STMMW_24131_1,910,3032
STMMW_23811_1,1003,3263
STMMW_23721_1,674,2008
STMMW_24091_1,352,1106
STMMW_24151_1,625,2201
STMMW_23831_1,978,3306
STMMW_23741_1,535,1589
STMMW_23761_1,550,1799
STMMW_24231_1,169,560
STMMW_24031_1,345,1302
STMMW_23781_1,431,1279
STMMW_24251_1,871,2846
STMMW_24271_1,695,2203
STMMW_23931_1,751,2255
STMMW_24291_1,1213,3746
STMMW_23911_1,736,2306
STMMW_24051_1,579,1896
STMMW_23881_1,649,2096
STMMW_23841_1,1049,3505
STMMW_24311_1,211,770
STMMW_24101_1,1573,4871
STMMW_23861_1,514,1511
STMMW_23711_1,447,1497
STMMW_24121_1,194,661
STMMW_23801_1,786,2526
STMMW_23731_1,534,1797
STMMW_24141_1,521,1747
STMMW_23821_1,926,3268
STMMW_23751_1,531,1530
STMMW_24081_1,369,1287
STMMW_24071_1,645,2154
STMMW_24161_1,603,2214
STMMW_23791_1,1021,3200
STMMW_24021_1,180,648
STMMW_24241_1,638,2125
STMMW_24242_1,45,171
STMMW_23941_1,970,2567
STMMW_24261_1,103,338
STMMW_23921_1,869,2542
STMMW_24061_1,794,2464
STMMW_24281_1,992,2716
STMMW_23901_1,581,1858
STMMW_24541_1,635,1966
STMMW_24731_1,734,2425
STMMW_24951_1,755,2377
STMMW_24971_1,890,3007
STMMW_24361_1,265,914
STMMW_24501_1,187,587
STMMW_24771_1,956,3130
STMMW_24341_1,1557,5013
STMMW_24691_1,633,1977
STMMW_24521_1,360,1170
STMMW_24831_1,213,687
STMMW_24751_1,510,1470
STMMW_24651_1,625,2075
STMMW_24871_1,476,1594
STMMW_24461_1,1523,4525
STMMW_24671_1,345,1005
STMMW_24851_1,776,2275
STMMW_24611_1,644,1984
STMMW_24631_1,699,2352
STMMW_24891_1,244,764
STMMW_24781_1,1108,3104
STMMW_24441_1,754,2243
STMMW_24481_1,536,1750
STMMW_24921_1,658,2195
STMMW_24941_1,149,544
STMMW_24551_1,986,2893
STMMW_24961_1,398,1330
STMMW_24761_1,678,2013
STMMW_24371_1,948,3300
STMMW_24511_1,1226,3958
STMMW_24741_1,379,1106
STMMW_24681_1,285,993
STMMW_24351_1,254,835
STMMW_24531_1,166,554
STMMW_24821_1,1059,3153
STMMW_24801_1,911,2653
STMMW_24471_1,706,2408
STMMW_24641_1,581,1795
STMMW_24861_1,590,1822
STMMW_24451_1,161,523
STMMW_24661_1,398,1330
STMMW_24591_1,671,2065
STMMW_24841_1,220,653
STMMW_24431_1,693,2088
STMMW_24601_1,822,2472
STMMW_24621_1,658,1844
STMMW_24881_1,326,1114
STMMW_24791_1,905,2776
STMMW_24491_1,717,2199
STMMW_24911_1,1632,5208
STMMW_25141_1,1011,2859
STMMW_25411_1,756,2259
STMMW_25601_1,853,2792
STMMW_25161_1,768,2346
STMMW_25591_1,251,910
STMMW_25621_1,528,1668
STMMW_25361_1,1059,3360
STMMW_25101_1,834,2433
STMMW_24991_1,1205,3898
STMMW_25121_1,264,816
STMMW_25181_1,1418,4783
STMMW_25531_1,922,2930
STMMW_25381_1,420,1443
STMMW_25551_1,226,782
STMMW_25571_1,343,1205
STMMW_25031_1,1528,4529
STMMW_25011_1,238,833
STMMW_25461_1,426,1464
STMMW_25071_1,641,1996
STMMW_25441_1,638,1954
STMMW_25271_1,1112,3622
STMMW_25051_1,481,1661
STMMW_25421_1,799,2702
STMMW_25211_1,67,347
STMMW_25401_1,816,2541
STMMW_25151_1,455,1426
STMMW_25231_1,131,445
STMMW_25091_1,292,1121
STMMW_25391_1,928,2897
STMMW_25171_1,455,1462
STMMW_25611_1,375,1110
STMMW_25371_1,867,2670
STMMW_25111_1,1036,3356
STMMW_24981_1,1391,4495
STMMW_25581_1,228,744
STMMW_25351_1,141,525
STMMW_25131_1,524,1654
STMMW_25481_1,1766,5182
STMMW_25191_1,1072,3554
STMMW_25501_1,611,1918
STMMW_25521_1,545,1813
STMMW_25541_1,125,478
STMMW_25281_1,1111,3290
STMMW_25021_1,804,2580
STMMW_25061_1,748,2357
STMMW_25022_1,118,485
STMMW_25041_1,595,1997
STMMW_25201_1,1539,5103
STMMW_25431_1,314,982
STMMW_25081_1,403,1316
STMMW_26771_1,524,1672
STMMW_26801_1,219,798
STMMW_26711_1,1928,6055
STMMW_25821_1,2809,8855
STMMW_26731_1,213,759
STMMW_26591_1,436,1517
STMMW_26691_1,278,982
STMMW_25801_1,562,1733
STMMW_25661_1,571,1886
STMMW_26671_1,494,1576
STMMW_25861_1,1059,3027
STMMW_25681_1,761,2200
STMMW_25841_1,407,1249
STMMW_25981_1,689,2236
STMMW_25721_1,883,2879
STMMW_26611_1,1152,3717
STMMW_25701_1,920,2914
STMMW_25941_1,542,1654
STMMW_25761_1,1395,4851
STMMW_25961_1,621,2097
STMMW_25741_1,1065,3570
STMMW_25921_1,146,637
STMMW_26781_1,688,2255
STMMW_26741_1,960,2946
STMMW_26761_1,1849,5873
STMMW_26721_1,934,3134
STMMW_26581_1,683,2188
STMMW_25631_1,585,1827
STMMW_25831_1,1080,3555
STMMW_25651_1,670,2462
STMMW_26681_1,731,2383
STMMW_25811_1,1018,3311
STMMW_25671_1,714,2328
STMMW_25871_1,698,1984
STMMW_25691_1,429,1488
STMMW_25991_1,1265,4135
STMMW_25731_1,814,2759
STMMW_25851_1,450,1458
STMMW_26621_1,522,1692
STMMW_25711_1,878,2542
STMMW_25951_1,541,1646
STMMW_26601_1,407,1321
STMMW_25971_1,472,1571
STMMW_25751_1,989,3007
STMMW_25931_1,276,867
STMMW_26791_1,499,1715
STMMW_25881_1,628,1919
STMMW_26751_1,282,1086
STMMW_26571_1,366,1074
STMMW_27601_1,1042,3161
STMMW_26821_1,610,2117
STMMW_27441_1,1507,5036
STMMW_27661_1,256,950
STMMW_26841_1,748,2465
STMMW_27641_1,210,690
STMMW_27421_1,972,2763
STMMW_26881_1,552,1752
STMMW_27681_1,246,807
STMMW_27741_1,1506,4929
STMMW_27001_1,218,655
STMMW_26981_1,1162,3824
STMMW_27581_1,1050,3297
STMMW_27021_1,332,1117
STMMW_27561_1,668,2293
STMMW_27041_1,1002,3228
STMMW_27651_1,394,1190
STMMW_27541_1,324,981
STMMW_27721_1,165,573
STMMW_27061_1,875,2617
STMMW_26921_1,589,1787
STMMW_27521_1,504,1521
STMMW_26901_1,180,567
STMMW_27501_1,745,2297
STMMW_26811_1,831,2652
STMMW_27631_1,112,365
STMMW_26831_1,767,2437
STMMW_26851_1,364,1193
STMMW_27671_1,317,1033
STMMW_26871_1,249,795
STMMW_27652_1,121,419
STMMW_27411_1,2844,8118
STMMW_26891_1,361,1286
STMMW_27751_1,626,2254
STMMW_27431_1,645,2163
STMMW_27691_1,234,783
STMMW_27591_1,941,2911
STMMW_26991_1,244,773
STMMW_27571_1,943,2864
STMMW_26971_1,624,2013
STMMW_27551_1,1168,3377
STMMW_27731_1,295,938
STMMW_27051_1,1609,4934
STMMW_27531_1,687,2247
STMMW_26861_1,887,2776
STMMW_26931_1,862,2738
STMMW_27511_1,1067,3181
STMMW_27481_1,605,2185
STMMW_27621_1,292,1058
STMMW_27811_1,846,2673
STMMW_27991_1,536,1786
STMMW_27851_1,1093,3578
STMMW_28091_1,565,1739
STMMW_27931_1,747,2493
STMMW_28141_1,433,1394
STMMW_28071_1,316,1097
STMMW_27911_1,752,2434
STMMW_28161_1,237,834
STMMW_27761_1,838,2771
STMMW_27971_1,551,1789
STMMW_28101_1,361,1268
STMMW_27951_1,769,2147
STMMW_28121_1,724,2048
STMMW_28301_1,298,1061
STMMW_27881_1,134,424
STMMW_28251_1,662,1921
STMMW_28181_1,188,631
STMMW_27781_1,662,2326
STMMW_28211_1,1481,4756
STMMW_28021_1,945,3375
STMMW_27801_1,344,1249
STMMW_27821_1,1148,3469
STMMW_27841_1,339,1209
STMMW_27981_1,271,809
STMMW_28291_1,548,2116
STMMW_27861_1,318,960
STMMW_28031_1,814,2588
STMMW_28081_1,263,970
STMMW_27921_1,363,1131
STMMW_28151_1,294,1092
STMMW_27771_1,840,2355
STMMW_27871_1,419,1282
STMMW_27901_1,324,1179
STMMW_28171_1,628,1991
STMMW_27961_1,264,825
STMMW_28111_1,1202,3928
STMMW_28231_1,651,2103
STMMW_27941_1,407,1285
STMMW_28281_1,525,1743
STMMW_28131_1,1461,4020
STMMW_28011_1,1169,3394
STMMW_27891_1,1861,6032
STMMW_28241_1,610,1856
STMMW_27791_1,957,2598
STMMW_28051_1,385,1253
STMMW_28261_1,658,1889
STMMW_28191_1,795,2571
STMMW_28201_1,741,2166
STMMW_28221_1,221,814
STMMW_28591_1,752,2605
STMMW_28601_1,1167,3900
STMMW_28741_1,939,2688
STMMW_28621_1,273,1059
STMMW_28721_1,1843,5735
STMMW_28981_1,596,2131
STMMW_28511_1,194,589
STMMW_28531_1,658,2078
STMMW_28331_1,522,1755
STMMW_28941_1,221,715
STMMW_28491_1,725,2488
STMMW_28551_1,270,1062
STMMW_28961_1,443,1375
STMMW_28571_1,268,956
STMMW_28371_1,583,2207
STMMW_28751_1,698,2101
STMMW_28901_1,570,1716
STMMW_28921_1,352,1088
STMMW_28431_1,148,599
STMMW_28411_1,250,929
STMMW_28881_1,830,2572
STMMW_28471_1,1254,4092
STMMW_28861_1,157,554
STMMW_28451_1,701,2395
STMMW_28841_1,450,1332
STMMW_28821_1,567,1728
STMMW_28791_1,471,1446
STMMW_28611_1,439,1514
STMMW_28771_1,710,2143
STMMW_29081_1,587,2275
STMMW_28391_1,290,1159
STMMW_28381_1,1084,3902
STMMW_28501_1,579,1797
STMMW_28991_1,742,2399
STMMW_28321_1,411,1389
STMMW_28541_1,683,2350
STMMW_28481_1,303,1191
STMMW_28561_1,951,2937
STMMW_28361_1,799,2738
STMMW_28971_1,1052,3268
STMMW_28341_1,228,690
STMMW_28911_1,722,2428
STMMW_28931_1,533,1600
STMMW_28891_1,459,1422
STMMW_28871_1,706,2273
STMMW_28461_1,841,2849
STMMW_28851_1,1019,3265
STMMW_28441_1,1390,4784
STMMW_28831_1,287,928
STMMW_28761_1,1183,3308
STMMW_29351_1,571,1877
STMMW_29511_1,740,2554
STMMW_29531_1,941,3055
STMMW_29091_1,506,1699
STMMW_29281_1,561,1788
STMMW_29111_1,1170,3690
STMMW_29481_1,330,1002
STMMW_29151_1,935,2962
STMMW_29201_1,935,2953
STMMW_29191_1,1553,5152
STMMW_29421_1,492,1641
STMMW_29651_1,341,1252
STMMW_29401_1,1049,3208
STMMW_29381_1,937,3014
STMMW_29461_1,146,538
STMMW_29611_1,334,1079
STMMW_29441_1,292,896
STMMW_29581_1,218,745
STMMW_29631_1,618,2010
STMMW_29321_1,972,3123
STMMW_29301_1,385,1253
STMMW_29541_1,1391,4117
STMMW_29361_1,848,2599
STMMW_29561_1,1942,6725
STMMW_29501_1,593,1828
STMMW_29521_1,890,2872
STMMW_29101_1,1218,3921
STMMW_29291_1,230,760
STMMW_29121_1,249,840
STMMW_29491_1,633,2031
STMMW_29141_1,453,1563
STMMW_29161_1,1165,3749
STMMW_29211_1,1946,6325
STMMW_29641_1,1656,5085
STMMW_29431_1,741,2562
STMMW_29391_1,1213,4115
STMMW_29661_1,523,1565
STMMW_29411_1,310,959
STMMW_29601_1,406,1286
STMMW_29271_1,300,1050
STMMW_29471_1,896,2722
STMMW_29591_1,305,919
STMMW_29621_1,518,1867
STMMW_29451_1,645,2109
STMMW_29331_1,939,2931
STMMW_29311_1,573,1974
STMMW_29551_1,2502,8136
STMMW_29371_1,464,1480
STMMW_29571_1,2305,7811
STMMW_29681_1,143,514
STMMW_30501_1,197,703
STMMW_30041_1,636,2055
STMMW_30231_1,482,1498
STMMW_30061_1,285,957
STMMW_30211_1,339,1092
STMMW_30001_1,1048,3506
STMMW_30271_1,461,1447
STMMW_30391_1,643,2120
STMMW_30021_1,1268,3934
STMMW_29791_1,546,1740
STMMW_29781_1,1032,3225
STMMW_30351_1,512,1522
STMMW_30161_1,863,2746
STMMW_30371_1,1419,4557
STMMW_30081_1,699,2244
STMMW_30141_1,265,905
STMMW_29841_1,879,2811
STMMW_30331_1,468,1269
STMMW_30471_1,1319,4423
STMMW_29801_1,560,1951
STMMW_30281_1,639,1944
STMMW_29771_1,502,1622
STMMW_30511_1,821,2644
STMMW_29751_1,920,2869
STMMW_29691_1,737,2386
STMMW_30181_1,818,2611
STMMW_29731_1,777,2310
STMMW_29711_1,1587,4893
STMMW_30221_1,924,2775
STMMW_30051_1,326,1240
STMMW_30201_1,218,772
STMMW_30071_1,158,643
STMMW_30261_1,538,1703
STMMW_30481_1,92,304
STMMW_30241_1,667,2015
STMMW_30381_1,530,1747
STMMW_30031_1,446,1579
STMMW_30171_1,901,2636
STMMW_30341_1,579,1545
STMMW_30151_1,772,2513
STMMW_30091_1,497,1483
STMMW_30131_1,2063,6559
STMMW_30301_1,886,2606
STMMW_30111_1,899,3403
STMMW_30321_1,328,950
STMMW_29811_1,890,2647
STMMW_30291_1,753,2487
STMMW_29761_1,721,2087
STMMW_29991_1,363,1275
STMMW_30191_1,389,1366
STMMW_31101_1,804,2553
STMMW_30761_1,534,1590
STMMW_30971_1,962,3277
STMMW_31161_1,273,942
STMMW_30561_1,652,2192
STMMW_30981_1,675,2502
STMMW_30951_1,803,2752
STMMW_31141_1,322,1226
STMMW_30541_1,445,1679
STMMW_31081_1,866,2671
STMMW_30681_1,482,1678
STMMW_30931_1,576,2061
STMMW_31041_1,221,805
STMMW_30641_1,453,1329
STMMW_31061_1,377,1108
STMMW_30621_1,417,1284
STMMW_31001_1,598,2003
STMMW_30601_1,732,2211
STMMW_31021_1,717,2442
STMMW_30881_1,923,2983
STMMW_30861_1,1113,3387
STMMW_30711_1,735,2424
STMMW_30841_1,473,1579
STMMW_30731_1,760,2498
STMMW_30531_1,353,1141
STMMW_31131_1,359,1126
STMMW_31111_1,177,687
STMMW_30571_1,401,1291
STMMW_30961_1,1053,3366
STMMW_31091_1,687,2274
STMMW_30941_1,901,3014
STMMW_31151_1,270,963
STMMW_30921_1,602,2170
STMMW_30691_1,199,782
STMMW_31051_1,362,1105
STMMW_31071_1,1184,3928
STMMW_30651_1,789,2622
STMMW_30631_1,199,674
STMMW_31031_1,168,579
STMMW_30611_1,510,1605
STMMW_30891_1,1085,3370
STMMW_30851_1,355,1319
STMMW_30581_1,311,940
STMMW_30671_1,766,2375
STMMW_30871_1,260,865
STMMW_30701_1,486,1674
STMMW_30721_1,153,675
STMMW_30991_1,1224,4347
STMMW_31121_1,1202,3730
STMMW_30521_1,1016,3169
STMMW_31371_1,484,1496
STMMW_31331_1,527,1687
STMMW_32211_1,798,2613
STMMW_31511_1,106,425
STMMW_31701_1,161,487
STMMW_31251_1,562,1922
STMMW_31391_1,379,1367
STMMW_31721_1,1324,4625
STMMW_31231_1,620,2134
STMMW_31211_1,847,2717
STMMW_31401_1,212,733
STMMW_31421_1,417,1329
STMMW_31621_1,2052,6480
STMMW_31191_1,537,1668
STMMW_31441_1,285,984
STMMW_32161_1,428,1516
STMMW_31461_1,1033,3395
STMMW_31661_1,618,1857
STMMW_31481_1,746,2746
STMMW_31341_1,1612,5165
STMMW_31641_1,421,1424
STMMW_31581_1,120,510
STMMW_31561_1,480,1482
STMMW_31171_1,650,2005
STMMW_31321_1,1043,3196
STMMW_32201_1,1505,4552
STMMW_32191_1,934,2936
STMMW_32221_1,348,1146
STMMW_31501_1,605,1717
STMMW_32241_1,700,2297
STMMW_31261_1,1107,3276
STMMW_31381_1,986,3064
STMMW_31711_1,1203,4035
STMMW_31241_1,864,2628
STMMW_31221_1,488,1492
STMMW_31731_1,361,1160
STMMW_31691_1,769,2273
STMMW_31201_1,91,359
STMMW_31411_1,1341,4338
STMMW_31431_1,588,1896
STMMW_32151_1,573,1731
STMMW_31631_1,927,2979
STMMW_31181_1,295,983
STMMW_31451_1,441,1458
STMMW_32171_1,1058,3640
STMMW_31611_1,1087,3215
STMMW_31471_1,473,1543
STMMW_31671_1,252,837
STMMW_31491_1,586,1907
STMMW_31651_1,919,2807
STMMW_32921_1,998,3016
STMMW_32631_1,651,1941
STMMW_32791_1,881,2602
STMMW_32961_1,431,1450
STMMW_32751_1,632,2059
STMMW_32251_1,730,2177
STMMW_32881_1,295,974
STMMW_32731_1,364,1211
STMMW_32271_1,488,1501
STMMW_32711_1,239,715
STMMW_32861_1,1937,6100
STMMW_32291_1,225,882
STMMW_32292_1,233,685
STMMW_32841_1,698,2137
STMMW_32331_1,670,2291
STMMW_32821_1,1575,4833
STMMW_32311_1,215,685
STMMW_32441_1,696,2274
STMMW_32801_1,1436,4387
STMMW_32371_1,118,377
STMMW_32351_1,681,2010
STMMW_32421_1,862,2765
STMMW_32641_1,1463,4666
STMMW_32461_1,322,839
STMMW_32661_1,425,1348
STMMW_32911_1,243,756
STMMW_32931_1,611,1936
STMMW_32951_1,1376,4429
STMMW_32971_1,234,765
STMMW_32761_1,731,2293
STMMW_32741_1,710,2278
STMMW_32261_1,1001,2734
STMMW_32721_1,362,1150
STMMW_32281_1,267,885
STMMW_32871_1,1052,3457
STMMW_32701_1,316,1016
STMMW_32851_1,268,938
STMMW_32321_1,356,1102
STMMW_32831_1,203,607
STMMW_32301_1,302,895
STMMW_32811_1,583,2072
STMMW_32361_1,499,1607
STMMW_32691_1,362,1195
STMMW_32431_1,975,3021
STMMW_32341_1,256,842
STMMW_32651_1,279,909
STMMW_32381_1,961,2972
STMMW_32671_1,442,1286
STMMW_32451_1,643,2174
STMMW_33081_1,225,666
STMMW_33061_1,962,2818
STMMW_33201_1,186,678
STMMW_33261_1,481,1481
STMMW_33041_1,683,2233
STMMW_33021_1,187,587
STMMW_33581_1,335,1078
STMMW_32981_1,329,1102
STMMW_33001_1,797,2722
STMMW_33211_1,354,1122
STMMW_33281_1,669,2121
STMMW_33401_1,362,1141
STMMW_33461_1,269,946
STMMW_33191_1,980,3322
STMMW_33331_1,905,2938
STMMW_33441_1,307,980
STMMW_33151_1,419,1282
STMMW_33371_1,1130,3343
STMMW_33171_1,368,1297
STMMW_33231_1,190,629
STMMW_33111_1,610,1739
STMMW_33351_1,684,1944
STMMW_33131_1,756,2052
STMMW_33091_1,439,1469
STMMW_33271_1,1611,5400
STMMW_33221_1,613,1952
STMMW_33071_1,182,700
STMMW_33051_1,197,667
STMMW_33031_1,212,724
STMMW_33571_1,725,2092
STMMW_32991_1,1044,3258
STMMW_33591_1,182,610
STMMW_33291_1,3229,10154
STMMW_33431_1,294,885
STMMW_33601_1,179,622
STMMW_33411_1,450,1467
STMMW_33471_1,1003,3101
STMMW_33251_1,525,1662
STMMW_33181_1,533,1645
STMMW_33451_1,815,2560
STMMW_33141_1,719,2242
STMMW_33361_1,533,1537
STMMW_33161_1,396,1332
STMMW_33341_1,311,1093
STMMW_33301_1,988,3269
STMMW_33101_1,405,1251
STMMW_33121_1,594,1845
STMMW_33381_1,635,2047
STMMW_33241_1,456,1443
STMMW_33821_1,677,2221
STMMW_34081_1,731,2239
STMMW_33691_1,444,1338
STMMW_33921_1,389,1276
STMMW_34121_1,74,277
STMMW_33951_1,443,1276
STMMW_34101_1,257,742
STMMW_33791_1,167,562
STMMW_34161_1,379,1133
STMMW_34141_1,356,949
STMMW_33611_1,176,643
STMMW_33631_1,695,2104
STMMW_33651_1,680,2110
STMMW_33671_1,2637,8505
STMMW_33991_1,353,1177
STMMW_33761_1,450,1350
STMMW_34011_1,913,2957
STMMW_33741_1,726,2199
STMMW_34021_1,979,3152
STMMW_33941_1,597,1860
STMMW_33721_1,782,2350
STMMW_33701_1,353,1123
STMMW_34111_1,265,806
STMMW_34071_1,283,869
STMMW_34091_1,442,1421
STMMW_34131_1,981,3015
STMMW_33681_1,1029,3381
STMMW_33781_1,943,3107
STMMW_34171_1,275,787
STMMW_33811_1,628,2018
STMMW_34151_1,138,402
STMMW_33851_1,97,398
STMMW_34051_1,285,993
STMMW_33971_1,301,1121
STMMW_33621_1,1438,4466
STMMW_33641_1,150,462
STMMW_33981_1,835,2540
STMMW_33661_1,1067,3271
STMMW_34001_1,705,2139
STMMW_33801_1,1142,3214
STMMW_33771_1,331,1082
STMMW_33751_1,702,2313
STMMW_33911_1,166,500
STMMW_33731_1,1414,4409
STMMW_34061_1,248,859
STMMW_34501_1,382,1274
STMMW_34311_1,446,1372
STMMW_34331_1,234,702
STMMW_34601_1,404,1288
STMMW_34351_1,302,1129
STMMW_34631_1,405,1314
STMMW_34611_1,414,1395
STMMW_34261_1,507,1599
STMMW_34451_1,578,1879
STMMW_34671_1,611,1819
STMMW_34241_1,173,592
STMMW_34242_1,139,437
STMMW_34471_1,409,1364
STMMW_34651_1,1810,5822
STMMW_34221_1,218,727
STMMW_34411_1,208,656
STMMW_34201_1,216,702
STMMW_34431_1,286,875
STMMW_34591_1,870,2784
STMMW_34571_1,436,1463
STMMW_34181_1,408,1194
STMMW_34381_1,1488,4857
STMMW_34551_1,611,1999
STMMW_34531_1,755,2449
STMMW_34281_1,194,643
STMMW_34511_1,1338,4386
STMMW_34301_1,218,691
STMMW_34321_1,466,1424
STMMW_34341_1,352,1052
STMMW_34481_1,118,485
STMMW_34621_1,117,387
STMMW_34361_1,114,471
STMMW_34441_1,483,1686
STMMW_34191_1,283,896
STMMW_34661_1,213,768
STMMW_34271_1,242,757
STMMW_34461_1,148,509
STMMW_34641_1,864,2682
STMMW_34251_1,300,933
STMMW_34401_1,290,835
STMMW_34421_1,265,806
STMMW_34681_1,1039,3083
STMMW_34211_1,375,1245
STMMW_34231_1,269,847
STMMW_34581_1,1520,4744
STMMW_34291_1,617,1849
STMMW_34391_1,352,1061
STMMW_34561_1,288,927
STMMW_34541_1,144,513
STMMW_34521_1,197,739
STMMW_34881_1,616,2039
STMMW_35271_1,1456,5105
STMMW_35041_1,1632,5550
STMMW_35251_1,898,2990
STMMW_34821_1,574,1766
STMMW_35151_1,1064,3463
STMMW_35131_1,577,1916
STMMW_34841_1,417,1374
STMMW_34861_1,467,1540
STMMW_35301_1,1047,2976
STMMW_35321_1,720,2268
STMMW_35401_1,1240,3989
STMMW_34751_1,942,2892
STMMW_34921_1,520,1640
STMMW_35341_1,720,2394
STMMW_34771_1,364,1202
STMMW_34901_1,1150,3710
STMMW_34711_1,680,2335
STMMW_34961_1,1703,5254
STMMW_34731_1,492,1542
STMMW_34941_1,1702,5282
STMMW_35031_1,1459,4778
STMMW_35051_1,1841,6277
STMMW_34891_1,1274,3856
STMMW_35261_1,1382,4549
STMMW_34791_1,274,932
STMMW_35241_1,1051,3251
STMMW_35281_1,801,2520
STMMW_34811_1,405,1215
STMMW_35141_1,208,773
STMMW_35011_1,406,1322
STMMW_35121_1,523,1754
STMMW_34831_1,1823,5908
STMMW_34991_1,550,1763
STMMW_34851_1,1414,4580
STMMW_34871_1,271,935
STMMW_35311_1,369,1233
STMMW_34931_1,309,1113
STMMW_35331_1,459,1629
STMMW_34741_1,562,1949
STMMW_34911_1,871,2837
STMMW_34761_1,823,2444
STMMW_34971_1,164,547
STMMW_34703_1,118,395
STMMW_34951_1,167,517
STMMW_34721_1,549,1728
STMMW_35231_1,1674,5670
STMMW_35001_1,507,1545
STMMW_35021_1,974,2833
STMMW_36011_1,660,2130
STMMW_35781_1,1020,3102
STMMW_35521_1,683,2098
STMMW_35501_1,571,1733
STMMW_35741_1,837,2538
STMMW_35761_1,802,2402
STMMW_35541_1,267,885
STMMW_35701_1,987,2775
STMMW_35831_1,1401,4728
STMMW_35721_1,426,1311
STMMW_35631_1,258,858
STMMW_35581_1,795,2373
STMMW_35851_1,573,1956
STMMW_35441_1,618,1920
STMMW_35681_1,478,1520
STMMW_35461_1,876,3075
STMMW_35661_1,1155,3777
STMMW_35621_1,185,634
STMMW_35641_1,484,1397
STMMW_35421_1,544,1679
STMMW_35991_1,1512,4671
STMMW_35971_1,724,2363
STMMW_35601_1,1021,3407
STMMW_35951_1,390,1419
STMMW_36021_1,1042,3422
STMMW_35931_1,1129,3641
STMMW_36001_1,557,1747
STMMW_36041_1,1374,4386
STMMW_35791_1,232,776
STMMW_35531_1,776,2554
STMMW_35511_1,970,2864
STMMW_35751_1,1996,6077
STMMW_35571_1,579,1986
STMMW_35801_1,301,1004
STMMW_35711_1,789,2361
STMMW_35451_1,659,2005
STMMW_35731_1,275,931
STMMW_35591_1,491,1516
STMMW_35691_1,392,1282
STMMW_35861_1,954,3105
STMMW_35671_1,173,565
STMMW_35411_1,262,989
STMMW_35651_1,1732,4865
STMMW_35431_1,787,2426
STMMW_35981_1,1061,2908
STMMW_35611_1,440,1351
STMMW_35961_1,664,2036
STMMW_35491_1,519,1623
STMMW_35921_1,1120,3830
STMMW_36031_1,967,2894
STMMW_36901_1,171,585
STMMW_36461_1,195,714
STMMW_36921_1,1085,3550
STMMW_36251_1,1144,3932
STMMW_36071_1,1408,4370
STMMW_36441_1,1519,4691
STMMW_36211_1,1026,3645
STMMW_36401_1,372,1248
STMMW_36891_1,317,1087
STMMW_36091_1,554,1705
STMMW_36391_1,141,498
STMMW_36371_1,487,1646
STMMW_36111_1,1087,3629
STMMW_36351_1,485,1405
STMMW_36831_1,328,1094
STMMW_36331_1,282,1041
STMMW_36481_1,1040,3325
STMMW_36811_1,542,1789
STMMW_36311_1,484,1631
STMMW_36871_1,587,1879
STMMW_36191_1,714,1995
STMMW_36501_1,809,2728
STMMW_36711_1,1042,3134
STMMW_36521_1,1367,4717
STMMW_36771_1,238,851
STMMW_36541_1,329,1093
STMMW_36751_1,417,1356
STMMW_36911_1,302,994
STMMW_36931_1,905,2947
STMMW_36061_1,761,2569
STMMW_36471_1,714,2274
STMMW_36451_1,622,2114
STMMW_36201_1,778,2282
STMMW_36881_1,755,2305
STMMW_36081_1,1907,5968
STMMW_36381_1,190,683
STMMW_36161_1,923,2974
STMMW_36821_1,890,2683
STMMW_36341_1,1648,5354
STMMW_36121_1,146,430
STMMW_36321_1,366,1380
STMMW_36491_1,881,3088
STMMW_36681_1,1066,3551
STMMW_36511_1,559,1916
STMMW_36721_1,443,1384
STMMW_36531_1,873,2880
STMMW_36701_1,1362,4191
STMMW_36941_1,682,2207
STMMW_36741_1,833,2614
STMMW_37231_1,533,1618
STMMW_37251_1,632,1942
STMMW_37011_1,679,2183
STMMW_37271_1,486,1368
STMMW_37071_1,630,2412
STMMW_37291_1,411,1461
STMMW_37551_1,645,2181
STMMW_37391_1,989,3160
STMMW_37761_1,993,3183
STMMW_37181_1,471,1527
STMMW_37371_1,1232,3898
STMMW_37351_1,960,2658
STMMW_37531_1,497,1591
STMMW_37331_1,1531,4715
STMMW_37641_1,901,3248
STMMW_37311_1,1456,4880
STMMW_36991_1,617,2182
STMMW_37101_1,544,1850
STMMW_37121_1,711,2394
STMMW_36951_1,697,2408
STMMW_37141_1,328,1112
STMMW_37081_1,680,2560
STMMW_36971_1,718,2360
STMMW_37161_1,113,391
STMMW_37201_1,349,1019
STMMW_37221_1,467,1459
STMMW_37021_1,828,2817
STMMW_37241_1,582,2010
STMMW_37001_1,749,2392
STMMW_37061_1,635,2398
STMMW_37281_1,1180,3878
STMMW_37541_1,720,1989
STMMW_37041_1,531,1899
STMMW_37381_1,1545,5412
STMMW_37561_1,549,1683
STMMW_37361_1,1096,3080
STMMW_37191_1,897,2775
STMMW_37521_1,1960,6221
STMMW_37751_1,314,1045
STMMW_37321_1,479,1591
STMMW_37301_1,199,629
STMMW_37651_1,942,2640
STMMW_36981_1,861,2730
STMMW_37111_1,769,2606
STMMW_37131_1,922,2714
STMMW_37631_1,188,694
STMMW_37151_1,585,1845
STMMW_37211_1,424,1367
STMMW_37171_1,177,534
STMMW_38501_1,1021,3128
STMMW_37781_1,1174,3335
STMMW_38091_1,733,2390
STMMW_37901_1,784,2474
STMMW_38211_1,730,2492
STMMW_38251_1,274,806
STMMW_38271_1,1114,3827
STMMW_38071_1,771,2784
STMMW_37961_1,269,775
STMMW_37981_1,287,1000
STMMW_38371_1,452,1546
STMMW_37821_1,617,2146
STMMW_37801_1,701,2341
STMMW_38461_1,1361,4129
STMMW_38011_1,891,2790
STMMW_37861_1,78,210
STMMW_37841_1,189,684
STMMW_38471_1,973,3140
STMMW_38491_1,299,961
STMMW_38391_1,529,1793
STMMW_37881_1,684,1899
STMMW_38351_1,429,1326
STMMW_38231_1,996,3207
STMMW_37791_1,451,1322
STMMW_38081_1,514,1565
STMMW_38221_1,797,2506
STMMW_38201_1,1704,5541
STMMW_38041_1,953,3250
STMMW_38261_1,198,576
STMMW_38241_1,113,310
STMMW_37951_1,260,829
STMMW_38001_1,222,786
STMMW_37971_1,1272,3714
STMMW_37771_1,992,2995
STMMW_37991_1,281,961
STMMW_38341_1,547,1721
STMMW_37831_1,564,1794
STMMW_38411_1,722,2158
STMMW_37811_1,944,3007
STMMW_38421_1,744,2379
STMMW_37871_1,70,200
STMMW_37851_1,1206,3861
STMMW_37852_1,88,209
STMMW_38051_1,416,1483
STMMW_37891_1,843,2415
STMMW_37941_1,341,1252
STMMW_38511_1,606,1986
STMMW_38381_1,479,1699
STMMW_38752_1,85,212
STMMW_38771_1,178,605
STMMW_38542_1,185,535
STMMW_38541_1,323,1090
STMMW_38851_1,190,656
STMMW_38661_1,1055,3463
STMMW_38581_1,1365,4305
STMMW_39041_1,541,1682
STMMW_38641_1,1386,4221
STMMW_39061_1,808,2612
STMMW_38621_1,995,3208
STMMW_39001_1,786,2607
STMMW_38601_1,310,1067
STMMW_39021_1,742,2498
STMMW_38561_1,288,855
STMMW_38971_1,758,2446
STMMW_38951_1,814,2579
STMMW_38781_1,672,2118
STMMW_38891_1,1088,3358
STMMW_38931_1,789,2523
STMMW_38681_1,651,2022
STMMW_38911_1,226,764
STMMW_38531_1,376,1226
STMMW_38701_1,729,2268
STMMW_38721_1,481,1634
STMMW_38571_1,456,1416
STMMW_38991_1,396,1251
STMMW_38741_1,226,791
STMMW_38551_1,589,1859
STMMW_38761_1,1176,3765
STMMW_38841_1,1036,3392
STMMW_38591_1,316,1016
STMMW_39051_1,1010,3148
STMMW_38671_1,780,2118
STMMW_38801_1,1116,3519
STMMW_39071_1,828,2682
STMMW_38651_1,292,968
STMMW_39011_1,976,2777
STMMW_38631_1,1015,3476
STMMW_38611_1,706,2273
STMMW_38961_1,912,2877
STMMW_38791_1,1332,4221
STMMW_38881_1,1384,4691
STMMW_38941_1,724,2417
STMMW_38521_1,1163,3463
STMMW_38921_1,887,2893
STMMW_38691_1,689,2101
STMMW_38901_1,914,2884
STMMW_38731_1,590,1957
STMMW_39101_1,1741,5900
STMMW_39191_1,515,1609
STMMW_39341_1,661,2039
STMMW_39571_1,366,1272
STMMW_39361_1,1626,5169
STMMW_39551_1,448,1397
STMMW_39301_1,458,1405
STMMW_39531_1,1559,5011
STMMW_39321_1,698,2353
STMMW_39181_1,598,1886
STMMW_39281_1,486,1755
STMMW_39491_1,1056,3381
STMMW_39221_1,1485,5004
STMMW_39591_1,423,1332
STMMW_39201_1,663,2046
STMMW_39411_1,506,1762
STMMW_39081_1,562,1661
STMMW_39621_1,408,1464
STMMW_39431_1,1137,3786
STMMW_39601_1,173,637
STMMW_39451_1,398,1249
STMMW_39481_1,336,1131
STMMW_39661_1,145,530
STMMW_39471_1,552,1797
STMMW_39561_1,1100,3256
STMMW_39681_1,913,3209
STMMW_39171_1,146,466
STMMW_39541_1,903,3093
STMMW_39521_1,866,2626
STMMW_39311_1,483,1380
STMMW_39501_1,504,1602
STMMW_39331_1,545,1858
STMMW_39291_1,1274,4270
STMMW_39231_1,652,2201
STMMW_39211_1,504,1647
STMMW_39091_1,739,2132
STMMW_39631_1,605,2122
STMMW_39401_1,981,3312
STMMW_39611_1,667,2294
STMMW_39421_1,451,1367
STMMW_39391_1,568,1718
STMMW_39671_1,340,1172
STMMW_39441_1,160,605
STMMW_39381_1,590,1849
STMMW_39651_1,413,1387
STMMW_39461_1,569,1771
STMMW_39931_1,685,2285
STMMW_39911_1,630,1989
STMMW_40481_1,306,981
STMMW_39891_1,585,1827
STMMW_40201_1,429,1434
STMMW_40051_1,266,706
STMMW_40261_1,650,2059
STMMW_39701_1,769,2381
STMMW_39851_1,815,2911
STMMW_40071_1,435,1266
STMMW_40531_1,145,575
STMMW_40241_1,494,1603
STMMW_39721_1,286,1001
STMMW_39871_1,661,2030
STMMW_40511_1,1054,3473
STMMW_39811_1,1018,3248
STMMW_40281_1,683,2287
STMMW_40571_1,391,1202
STMMW_40141_1,547,2000
STMMW_40551_1,714,2076
STMMW_40121_1,1029,3381
STMMW_40101_1,591,1893
STMMW_39981_1,634,2156
STMMW_40471_1,429,1362
STMMW_40081_1,194,751
STMMW_39921_1,311,1003
STMMW_39901_1,393,1407
STMMW_39682_1,86,247
STMMW_40491_1,541,1700
STMMW_40231_1,984,3138
STMMW_40001_1,605,2104
STMMW_39881_1,661,2030
STMMW_40271_1,685,2204
STMMW_40251_1,308,1195
STMMW_40521_1,632,1906
STMMW_39711_1,995,3235
STMMW_40061_1,526,1454
STMMW_40501_1,752,2281
STMMW_39731_1,1301,4171
STMMW_39861_1,623,2014
STMMW_40561_1,921,3075
STMMW_39801_1,419,1660
STMMW_40541_1,356,1102
STMMW_39821_1,1007,3142
STMMW_40151_1,732,2373
STMMW_40131_1,573,1938
STMMW_40111_1,889,2891
STMMW_39991_1,439,1469
STMMW_40461_1,559,1745
STMMW_40091_1,838,2609
STMMW_40641_1,203,751
STMMW_41011_1,375,1263
STMMW_40881_1,988,3143
STMMW_41031_1,522,1593
STMMW_40971_1,700,2189
STMMW_40601_1,1631,4966
STMMW_40951_1,582,1677
STMMW_41281_1,938,2932
STMMW_41071_1,3123,9549
STMMW_40931_1,738,2565
STMMW_40911_1,452,1456
STMMW_41131_1,600,1713
STMMW_41171_1,1301,4387
STMMW_40751_1,489,1500
STMMW_41151_1,552,1725
STMMW_40711_1,605,2068
STMMW_41191_1,519,1803
STMMW_41271_1,981,2997
STMMW_40841_1,1908,6048
STMMW_40591_1,715,2363
STMMW_41251_1,313,1055
STMMW_40651_1,878,2605
STMMW_41001_1,345,942
STMMW_40871_1,602,1729
STMMW_40981_1,635,2218
STMMW_40982_1,112,410
STMMW_41021_1,316,971
STMMW_40611_1,143,496
STMMW_40961_1,725,2362
STMMW_41041_1,382,1112
STMMW_41061_1,2855,9232
STMMW_40861_1,729,2286
STMMW_40921_1,273,807
STMMW_40901_1,968,3235
STMMW_41121_1,782,2620
STMMW_40741_1,826,2486
STMMW_41141_1,129,474
STMMW_40831_1,1203,3999
STMMW_41261_1,1007,3187
STMMW_40721_1,1549,4994
STMMW_40851_1,825,2631
STMMW_41181_1,328,1139
STMMW_41241_1,474,1605
STMMW_41221_1,366,1407
STMMW_40891_1,663,2091
STMMW_41211_1,499,1517
STMMW_40661_1,1798,5501
STMMW_41201_1,777,2418
STMMW_41771_1,1108,3527
STMMW_42101_1,800,3160
STMMW_41901_1,112,527
STMMW_41711_1,208,530
STMMW_41961_1,987,3261
STMMW_41381_1,1194,3477
STMMW_41731_1,542,1672
STMMW_41941_1,190,539
STMMW_42081_1,388,1511
STMMW_41891_1,68,274
STMMW_41791_1,824,2506
STMMW_41301_1,306,1008
STMMW_42021_1,250,767
STMMW_41321_1,1086,3720
STMMW_42061_1,442,1520
STMMW_41811_1,879,3198
STMMW_41361_1,614,1861
STMMW_42041_1,2072,6406
STMMW_41831_1,388,1106
STMMW_41991_1,483,1659
STMMW_41851_1,1735,5528
STMMW_41871_1,438,1389
STMMW_41421_1,619,1991
STMMW_41741_1,1448,4843
STMMW_41911_1,355,1193
STMMW_42001_1,298,953
STMMW_41971_1,815,2425
STMMW_41701_1,1116,3834
STMMW_41951_1,722,2194
STMMW_42091_1,912,3255
STMMW_41721_1,486,1521
STMMW_41291_1,1118,3652
STMMW_41881_1,1053,2925
STMMW_41311_1,644,2146
STMMW_42031_1,316,1052
STMMW_41781_1,817,2783
STMMW_41331_1,902,3013
STMMW_42011_1,238,833
STMMW_41371_1,2659,8654
STMMW_42051_1,82,269
STMMW_41821_1,684,2070
STMMW_41841_1,628,1991
STMMW_41981_1,858,2724
STMMW_41861_1,269,838
STMMW_41411_1,337,1283
STMMW_41751_1,307,926
STMMW_41921_1,937,2996
STMMW_41431_1,211,689
STMMW_41691_1,1038,3012
STMMW_42451_1,1026,2988
STMMW_42431_1,494,1513
STMMW_42601_1,928,3275
STMMW_42411_1,1075,3434
STMMW_42141_1,201,645
STMMW_42161_1,220,752
STMMW_42201_1,1269,3672
STMMW_42221_1,315,918
STMMW_42791_1,1228,3713
STMMW_42241_1,1245,3705
STMMW_42491_1,941,3127
STMMW_42261_1,1379,4498
STMMW_42281_1,934,3377
STMMW_42541_1,478,1682
STMMW_42731_1,250,794
STMMW_42711_1,409,1319
STMMW_42501_1,1049,3244
STMMW_42771_1,925,2801
STMMW_42191_1,1099,2951
STMMW_42341_1,1011,2922
STMMW_42521_1,1018,3005
STMMW_42831_1,406,1295
STMMW_42751_1,988,3323
STMMW_42811_1,574,2000
STMMW_42301_1,472,1544
STMMW_42651_1,560,2068
STMMW_42461_1,480,1806
STMMW_42441_1,1147,3785
STMMW_42421_1,783,2430
STMMW_42151_1,1104,3702
STMMW_42401_1,204,804
STMMW_42171_1,334,1043
STMMW_42231_1,551,1519
STMMW_42781_1,213,669
STMMW_42251_1,232,713
STMMW_42481_1,604,2195
STMMW_42721_1,1287,3825
STMMW_42551_1,1166,3730
STMMW_42391_1,284,1048
STMMW_42761_1,364,1184
STMMW_42181_1,476,1531
STMMW_42741_1,917,2638
STMMW_42351_1,410,1426
STMMW_42531_1,170,631
STMMW_42821_1,749,2338
STMMW_42801_1,250,866
STMMW_42471_1,1538,5275
STMMW_42641_1,180,684
STMMW_42311_1,768,2103
STMMW_42861_1,253,701
STMMW_42841_1,114,327
STMMW_42881_1,276,804
STMMW_43281_1,201,717
STMMW_43021_1,322,1055
STMMW_43001_1,810,2655
STMMW_43241_1,556,1694
STMMW_43061_1,207,720
STMMW_43471_1,1318,4514
STMMW_43261_1,684,2511
STMMW_43041_1,1379,4192
STMMW_42911_1,1271,4102
STMMW_43431_1,448,1541
STMMW_43221_1,223,740
STMMW_43081_1,894,2886
STMMW_42931_1,1053,3456
STMMW_43411_1,500,1489
STMMW_43381_1,340,1010
STMMW_42971_1,752,2479
STMMW_43361_1,213,732
STMMW_43101_1,978,2919
STMMW_43321_1,470,1591
STMMW_43301_1,464,1489
STMMW_42871_1,381,1221
STMMW_42851_1,392,1372
STMMW_42891_1,286,902
STMMW_43031_1,989,2971
STMMW_43011_1,1191,3453
STMMW_43461_1,281,880
STMMW_43251_1,518,1750
STMMW_43071_1,918,2925
STMMW_43441_1,766,2132
STMMW_43051_1,689,2164
STMMW_42901_1,489,1716
STMMW_43211_1,1166,3703
STMMW_42921_1,671,2263
STMMW_43401_1,452,1456
STMMW_43231_1,240,750
STMMW_43092_1,152,442
STMMW_43091_1,712,2303
STMMW_43391_1,690,2091
STMMW_42961_1,698,2209
STMMW_43371_1,163,521
STMMW_43111_1,302,976
STMMW_42981_1,376,1262
STMMW_43351_1,257,931
STMMW_43131_1,527,1669
STMMW_43331_1,186,642
STMMW_43311_1,589,1976
STMMW_43851_1,214,695
STMMW_43501_1,187,632
STMMW_43521_1,430,1487
STMMW_43951_1,313,1082
STMMW_43541_1,2765,8575
STMMW_44481_1,424,1403
STMMW_43971_1,100,413
STMMW_44111_1,693,2106
STMMW_44191_1,360,1152
STMMW_43791_1,371,1285
STMMW_44561_1,548,1657
STMMW_44541_1,732,2310
STMMW_44091_1,1083,3129
STMMW_44151_1,685,2330
STMMW_43881_1,842,2560
STMMW_44501_1,559,2177
STMMW_44051_1,664,2144
STMMW_44261_1,781,2468
STMMW_43591_1,694,2303
STMMW_44031_1,288,873
STMMW_43801_1,978,3081
STMMW_43491_1,383,1291
STMMW_43861_1,567,1764
STMMW_43511_1,926,3106
STMMW_43981_1,1078,3881
STMMW_43531_1,1226,3976
STMMW_43551_1,227,808
STMMW_44121_1,858,2805
STMMW_43961_1,1448,4969
STMMW_43901_1,557,1666
STMMW_44161_1,253,998
STMMW_43921_1,1392,4530
STMMW_44571_1,635,2092
STMMW_44141_1,317,1042
STMMW_44081_1,340,1127
STMMW_44551_1,372,1221
STMMW_44531_1,514,1808
STMMW_43891_1,797,2560
STMMW_44041_1,312,1074
STMMW_44511_1,331,1055
STMMW_44251_1,813,2490
STMMW_44061_1,72,234
STMMW_44231_1,1095,3441
STMMW_43581_1,360,1233
STMMW_44001_1,690,2154
STMMW_44211_1,1944,6624
STMMW_43831_1,246,771
STMMW_43481_1,522,1701
STMMW_43811_1,272,889
STMMW_45101_1,956,3013
STMMW_44621_1,926,2629
STMMW_44991_1,723,2364
STMMW_44871_1,1529,5050
STMMW_44661_1,966,3147
STMMW_45281_1,468,1476
STMMW_44641_1,969,2757
STMMW_44581_1,908,2611
STMMW_45221_1,1035,3114
STMMW_44891_1,483,1731
STMMW_45051_1,789,2433
STMMW_45201_1,485,1450
STMMW_45071_1,611,1981
STMMW_45261_1,236,745
STMMW_45241_1,1201,3803
STMMW_45031_1,1108,3662
STMMW_44901_1,376,1244
STY1774_1,23,112
STMMW_44961_1,584,1783
STMMW_44941_1,490,1535
STMMW_45091_1,573,1821
STMMW_44771_1,116,496
STMMW_45421_1,110,313
T_RS21320_1,1133,3907
STMMW_45111_1,875,2797
STMMW_44631_1,913,2903
STMMW_44981_1,177,534
STMMW_45291_1,618,1992
STMMW_44591_1,351,1035
STMMW_45042_1,130,356
STMMW_45041_1,435,1419
STMMW_45231_1,809,2971
STMMW_44881_1,320,1066
STMMW_45061_1,573,1749
STMMW_45211_1,716,2191
STMMW_45001_1,329,985
STMMW_45271_1,382,1166
STMMW_45021_1,472,1571
STMMW_45251_1,1345,4577
STMMW_44931_1,494,1684
STMMW_44911_1,350,1072
STMMW_45431_1,505,1556
STMMW_44971_1,766,2429
STMMW_45081_1,1121,3532
STMMW_45411_1,488,1663
STMMW_44951_1,334,1043
STMMW_45121_1,505,1655
T_RS21325_1,297,963
t1733_1,168,579
A464_RS09845_1,123,507
A464_RS09865_1,516,1734
A464_RS09700_1,315,1053
A464_RS09745_1,527,1624
ACT04_RS20980_1,2001,6144
A464_RS22785_1,159,624
ACT03_RS23555_1,409,1292
APS44_RS23765_1,692,2476
ARA94_RS03000_1,243,963
APS44_RS23725_1,320,1066
APS44_RS23735_1,1140,3936
AH83_RS04270_1,258,939
ACT04_RS15865_1,142,506
A464_RS22650_1,187,614
A464_RS22635_1,1768,6053
ARC00_RS04815_1,906,2991
ARC58_RS25325_1,1215,4086
ARC00_RS01990_1,271,917
ARC00_RS24710_1,232,722
ARC00_RS25040_1,776,2113
ARC00_RS01985_1,571,1823
ARC00_RS25065_1,580,1850
ARC00_RS06315_1,257,949
ARC00_RS11650_1,728,2611
ARC00_RS02905_1,203,661
AT698_RS05795_1,596,2284
ARC00_RS24745_1,256,806
ARC00_RS01550_1,289,1115
ARC00_RS17575_1,987,3288
AS586_RS02590_1,208,764
ARC00_RS25070_1,202,653
ARC58_RS17290_1,156,519
ARC00_RS24945_1,138,438
AT698_RS20580_1,403,1541
AT698_RS20585_1,1004,3271
AT698_RS16315_1,515,1699
AT698_RS20520_1,834,2856
AW50_RS02840_1,382,1553
AT698_RS20010_1,136,485
AT698_RS16150_1,837,2565
AT698_RS16300_1,862,3026
AT698_RS16285_1,1899,6066
AT698_RS05875_1,548,1918
AW50_RS03075_1,1552,4955
AT698_RS05895_1,121,572
AT698_RS15335_1,117,441
AT698_RS16225_1,1554,4548
AW67_RS16925_1,144,567
AT698_RS18125_1,1223,4735
CFSAN001588_RS03465_1,651,2094
CFSAN001588_RS22530_1,215,946
CFSAN001588_RS22510_1,281,1033
CFSAN000658_RS02055_1,893,3400
CFSAN001588_RS19435_1,3454,11792
CFSAN001588_RS22605_1,266,832
CFSAN000658_RS12350_1,112,428
CFSAN001588_RS19425_1,250,812
CFSAN001588_RS22655_1,767,2464
c341_gp18_1,110,322
CFSAN001588_RS22525_1,244,1034
BN2442_RS24535_1,122,427
CFSAN001588_RS12550_1,94,437
CFSAN001080_RS05715_1,136,512
CFSAN001588_RS22645_1,423,1611
AW90_RS06250_1,5248,16685
CFSAN002050_RS06510_1,273,996
CFSAN001992_RS06475_1,1521,5301
CFSAN001992_RS09595_1,131,535
CFSAN001992_RS09605_1,204,606
CFSAN001992_RS20115_1,307,881
CFSAN002050_RS02615_1,321,1065
CFSAN002050_RS09970_1,118,431
CFSAN001992_RS00050_1,235,764
CFSAN001921_RS03260_1,258,795
CFSAN001921_RS24535_1,572,1912
CFSAN001992_RS22640_1,158,517
CFSAN001921_RS23850_1,294,1002
CFSAN001921_RS24620_1,944,3052
CFSAN001992_RS22665_1,167,508
CFSAN002050_RS03405_1,851,2713
CFSAN001992_RS22655_1,457,1442
CFSAN002050_RS03350_1,195,741
CFSAN002050_RS04385_1,259,776
CFSAN001992_RS22660_1,132,471
CFSAN001992_RS22745_1,618,2361
CFSAN002050_RS03355_1,512,1630
CFSAN002050_RS03390_1,907,3062
CFSAN001992_RS00085_1,153,594
CFSAN002050_RS04300_1,618,2208
CFSAN002050_RS04305_1,1106,4024
CFSAN001992_RS00065_1,171,630
CFSAN001992_RS11565_1,1620,5742
CFSAN002050_RS06455_1,3196,10304
CFSAN002050_RS04325_1,124,497
CFSAN001921_RS03255_1,1162,3680
CFSAN001992_RS11545_1,589,2084
CFSAN001992_RS06505_1,716,2542
CFSAN002050_RS04345_1,228,654
CFSAN001992_RS03765_1,149,535
CFSAN001992_RS00020_1,471,1545
CFSAN001921_RS24510_1,234,774
CFSAN001992_RS00005_1,155,493
CFSAN001921_RS24520_1,166,527
CFSAN001992_RS15565_1,141,606
CFSAN002050_RS04270_1,869,2938
CFSAN001921_RS12150_1,195,732
CFSAN002050_RS10130_1,215,721
CFSAN002050_RS24655_1,189,630
CFSAN002050_RS24565_1,406,1430
CFSAN002050_RS24265_1,694,2483
CFSAN002050_RS10510_1,209,907
CFSAN002050_RS20730_1,320,967
CFSAN002050_RS15470_1,265,977
CFSAN002050_RS15450_1,884,2824
CFSAN002050_RS15455_1,1825,5852
CFSAN002050_RS19575_1,229,815
CFSAN002050_RS24325_1,276,894
CFSAN002050_RS20490_1,1049,3478
CFSAN002050_RS25300_1,132,489
CFSAN002050_RS25320_1,238,824
CFSAN002050_RS12220_1,553,1697
CFSAN002050_RS24960_1,374,1300
CFSAN002050_RS24230_1,710,2467
CFSAN002050_RS24955_1,759,2427
CFSAN002050_RS20495_1,483,1569
CFSAN002050_RS15300_1,179,604
CFSAN002050_RS24470_1,245,961
CFSAN002050_RS24720_1,187,677
CFSAN002050_RS14505_1,1904,6259
CFSAN002050_RS20815_1,2053,6524
CFSAN002050_RS25020_1,2247,7761
CFSAN002050_RS21020_1,716,2497
CFSAN002050_RS25475_1,574,1874
CFSAN002050_RS24375_1,523,1844
CFSAN002050_RS25180_1,728,2341
CFSAN002050_RS10520_1,371,1537
CFSAN002050_RS20895_1,486,1422
CFSAN002050_RS24280_1,2956,9959
CFSAN002050_RS24705_1,125,460
CFSAN002050_RS20760_1,1531,4850
CFSAN002050_RS20930_1,1430,4636
CFSAN002050_RS25100_1,919,3041
CFSAN002050_RS16110_1,256,959
CFSAN002050_RS17655_1,190,701
CFSAN002050_RS25435_1,305,1063
CFSAN002050_RS15855_1,763,2954
CFSAN002050_RS24630_1,236,898
CFSAN002050_RS21035_1,1577,5020
CFSAN002050_RS25450_1,710,2413
CFSAN002050_RS21355_1,147,483
CFSAN002050_RS24305_1,694,2420
HCM1.48c_1,297,963
HCM1.261_1,376,1316
epsilon34_gp45_1,306,1107
epsilon34_gp63_1,154,476
HCM2.0005c_1,236,880
CFSAN002069_RS23610_1,194,706
HCM2.0007c_1,148,455
HCM1.282_1,231,741
CFSAN002069_RS00215_1,633,2184
CFSAN002069_RS23655_1,469,1520
HCM1.143_1,175,653
HCM1.31c_1,278,1117
FORC7_RS00545_1,126,513
FORC7_RS00540_1,165,564
HCM1.17c_1,176,607
HCM1.174_1,329,1147
CFSAN002050_RS25535_1,128,493
HCM1.197c_1,297,981
CFSAN002069_RS23640_1,210,861
HCM1.137_1,495,1773
FORC20_RS12965_1,147,546
HCM1.119_1,661,2237
DT104_RS20055_1,1133,3853
FORC20_RS08100_1,436,1787
F482_gp67_1,385,1244
IY64_RS10140_1,574,2180
HCM2.0030c_1,175,698
IZ85_RS10005_1,591,1920
HCM2.0081_1,354,1230
I137_RS13655_1,164,619
IA1_RS22025_1,198,756
IA1_RS01575_1,506,2032
IA1_RS22000_1,822,3111
HCM2.0031c_1,216,702
N272_gp37_1,1589,5224
N272_gp31_1,132,462
HCM2.0120c_1,625,2165
HCM2.0015c_1,2488,8069
IA1_RS05015_1,776,2878
HCM2.0032c_1,115,344
HCM2.0008c_1,747,2484
HCM2.0100c_1,443,1483
HCM2.0086c_1,170,694
HCM2.0055c_1,481,1715
IA1_RS21990_1,177,768
IA1_RS05010_1,162,576
HCM2.0028c_1,362,1303
LW89_RS17775_1,198,675
HCM2.0103c_1,462,1608
HCM2.0040c_1,811,2825
HCM2.0053c_1,388,1376
N272_gp27_1,279,945
HCM2.0094c_1,212,742
HCM2.0014c_1,303,1029
HCM2.0048c_1,218,817
HCM2.0042c_1,464,1714
N898_RS01255_1,407,1150
N898_RS05290_1,131,445
N898_RS02245_1,117,558
N898_RS00315_1,717,2658
N898_RS12695_1,344,1069
N898_RS12375_1,717,2343
N898_RS12730_1,1207,3581
N898_RS01640_1,1764,5652
N898_RS00220_1,123,390
N643_RS19770_1,640,2096
N898_RS16795_1,291,1050
N898_RS16325_1,157,473
NCTC10384_04415_1,104,346
NCTC10047_00330_1,121,491
NCTC10705_03580_1,166,509
NCTC10705_04703_1,156,456
NCTC10705_04701_1,679,2093
NCTC10384_04431_1,74,295
NCTC12417_04462_1,82,332
NCTC12418_00024_1,583,2477
NCTC12417_04726_1,190,692
NCTC12418_01313_1,162,657
NCTC12420_01702_1,556,2045
NCTC12420_03993_1,593,2044
NCTC4840_01136_1,127,476
NCTC4444_04588_1,659,2068
NCTC13348_04903_1,78,282
NCTC13175_00607_1,99,351
NCTC4444_04574_1,521,1711
NCTC4444_01840_1,68,292
NCTC12709_03773_1,52,227
NCTC13347_04979_1,71,226
NCTC13348_04940_1,101,322
NCTC4444_04607_1,367,1469
NCTC3046_04619_1,141,453
NCTC5742_01629_1,87,381
NCTC5742_03896_1,300,1176
NCTC5773_01874_1,164,466
NCTC5722_03947_1,89,280
NCTC5722_02316_1,148,500
NCTC5773_00651_1,169,632
NCTC5750_04784_1,504,1809
NCTC5722_00744_1,68,220
NCTC5798_01916_1,150,471
NCTC5798_00695_1,198,603
NCTC5798_04727_1,46,278
NCTC5798_03223_1,226,701
NCTC6024_00751_1,133,488
NCTC5798_04781_1,126,540
NCTC5798_03420_1,77,292
NCTC6385_00008_1,139,509
NCTC6802_03930_1,3418,11450
NCTC7102_00783_1,179,658
NCTC6759_02705_1,346,1220
NCTC7102_00006_1,121,491
NCTC7102_00774_1,1516,4559
NCTC7295_01108_1,66,312
NCTC7295_03173_1,573,2091
NCTC7295_02678_1,179,577
NCTC7295_01799_1,654,2379
NCTC7295_00252_1,64,206
NCTC7295_02980_1,123,417
NCTC7295_03536_1,593,2377
NCTC7295_01863_1,184,626
NCTC7295_01458_1,106,425
NCTC7295_04442_1,171,549
NCTC7295_03100_1,104,373
NCTC7295_02905_1,148,545
NCTC7295_03621_1,266,823
NCTC7295_04167_1,116,370
NCTC7295_01728_1,200,835
NCTC7295_00897_1,1767,5793
NCTC7295_00895_1,1214,3718
NCTC7299_02629_1,65,268
NCTC7299_01826_1,142,425
NCTC7299_02814_1,370,1043
NCTC7299_04276_1,104,436
NCTC7299_00942_1,193,671
NCTC7299_00072_1,400,1499
NCTC7299_00959_1,628,1991
NCTC7300_03958_1,202,653
NCTC7299_00026_1,121,473
NCTC7299_04633_1,150,552
NCTC7299_01219_1,704,2545
NCTC7304_01858_1,131,400
NCTC7304_03858_1,1197,4554
NCTC7304_01300_1,514,1538
NCTC7300_04462_1,429,1632
NCTC7304_01026_1,106,389
NCTC7300_04923_1,78,309
NCTC7300_04045_1,140,490
NCTC7300_05031_1,391,1175
NCTC7302_03110_1,90,288
NCTC7308_02221_1,54,225
NCTC7307_00920_1,130,455
NCTC7318_01838_1,111,411
NCTC7406_04354_1,245,916
NCTC7404_03872_1,255,780
NCTC7404_03879_1,175,653
NCTC7404_02728_1,182,691
NCTC7831_03340_1,86,391
NCTC7404_03871_1,221,751
NCTC7832_04552_1,334,1079
NCTC8256_00211_1,702,2385
NCTC8256_01513_1,111,393
NCTC7831_04617_1,560,1978
NCTC7832_03258_1,642,2130
NCTC8258_04984_1,103,374
NCTC7831_04618_1,277,1136
NCTC8261_02055_1,123,444
NCTC7836_00747_1,164,628
NCTC7832_03931_1,1166,4027
NCTC7832_03937_1,250,983
NCTC8272_02312_1,935,3394
NCTC8270_04885_1,116,343
NCTC8270_02828_1,150,525
NCTC8271_00894_1,113,409
NCTC8270_04313_1,70,281
NCTC8272_02311_1,113,400
NCTC8496_03973_1,65,232
NCTC8496_03977_1,138,501
NCTC92_02036_1,263,835
NCTC8705_02779_1,56,277
NCTC9868_04522_1,2160,7029
NCTC9868_04527_1,132,453
NCTC9868_04530_1,367,1271
PSLT025_1,221,670
QX44_RS10425_1,128,439
QX44_RS11280_1,218,682
QX44_RS06110_1,1010,3940
QX44_RS06125_1,573,1839
QX44_RS16390_1,1012,3434
QX44_RS06895_1,276,930
QX44_RS00280_1,231,984
QX44_RS10385_1,110,403
QX44_RS06010_1,355,1328
QX44_RS10355_1,170,694
QX44_RS11290_1,966,3426
QX44_RS11295_1,239,814
QX44_RS00235_1,297,1116
QX44_RS04355_1,289,944
QX44_RS17665_1,800,2629
QX44_RS16385_1,487,1556
QX44_RS12000_1,361,1259
SAL_BA0599AA_01171_1,317,979
SAL_BA2520AA_01046_1,271,962
SAL_BA2175AA_01243_1,408,1554
SAL_BA5449AA_04105_1,188,676
SAL_BA5452AA_02788_1,366,1173
SAL_BA6565AA_03909_1,567,2025
SAL_CA3076AA_01897_1,312,1047
SAL_CA1431AA_03900_1,545,1804
SAL_CA2727AA_02277_1,731,2599
SAL_CA2727AA_02278_1,875,3094
SAL_CA2540AA_01447_1,397,1448
SAL_CA3755AA_01850_1,204,687
SAL_CA3755AA_01857_1,237,771
SAL_CA4905AA_01280_1,1525,5171
SAL_CA4877AA_04287_1,299,1096
SAL_CA6936AA_04481_1,413,1459
SAL_CA6391AA_01314_1,293,1048
SAL_CA7205AA_01456_1,1327,4964
SAL_CA7602AA_04505_1,162,540
SAL_DA0077AA_01051_1,156,627
SAL_DA0947AA_02876_1,429,1272
SAL_DA1532AA_00251_1,442,1547
SAL_DA1427AA_00238_1,731,2914
SAL_DA1601AA_01267_1,241,992
SAL_DA1588AA_02035_1,296,1189
SAL_DA1844AA_00247_1,148,563
SAL_DA1588AA_02034_1,337,1364
SAL_DA4055AA_02983_1,302,1057
SAL_DA5432AA_04397_1,813,2841
SAL_DA6084AA_03392_1,167,760
SAL_DA6084AA_01847_1,280,1088
SAL_DA6084AA_01839_1,192,564
SAL_DA8111AA_00923_1,377,1288
SAL_DA8525AA_01506_1,762,2622
SAL_EA0080AA_02680_1,1743,6915
SAL_EA0080AA_04491_1,3113,10603
SAL_EA0582AA_01526_1,1689,6573
SAL_EA0626AA_00593_1,241,803
SAL_EA0782AA_00792_1,138,519
SAL_EA0782AA_00796_1,167,580
SAL_EA2932AA_00881_1,348,1533
SAL_EA2932AA_00877_1,272,1006
SAL_EA0782AA_00664_1,196,776
SAL_EA0782AA_00663_1,752,2749
SAL_EA2932AA_00872_1,225,846
SAL_EA2932AA_03448_1,169,641
SAL_EA3023AA_03070_1,848,3364
SAL_EA3216AA_03965_1,218,745
SAL_EA5822AA_04609_1,896,2713
SAL_EA5822AA_04452_1,192,762
SAL_EA6800AA_00156_1,178,731
SAL_EA6800AA_00421_1,857,3166
SAL_EA8495AA_03199_1,445,1526
SAL_EA8154AA_02001_1,345,1347
SAL_EA6800AA_00412_1,194,769
SAL_EA8824AA_03778_1,374,1003
SARI_RS04120_1,2025,6759
SARI_RS00970_1,393,1407
SARI_RS08960_1,279,954
SARI_RS06730_1,132,453
SARI_RS08950_1,185,598
SARI_RS03080_1,1968,6780
SARI_RS04255_1,1127,3481
SARI_RS00810_1,119,475
SARI_RS05885_1,227,745
SARI_RS09730_1,799,2423
SARI_RS09130_1,134,478
SARI_RS00290_1,1458,4734
SARI_RS03105_1,3264,11496
SARI_RS03345_1,164,637
SARI_RS03340_1,559,1898
SARI_RS00985_1,516,2022
SARI_RS09155_1,246,870
SARI_RS04280_1,147,663
SARI_RS01710_1,619,2036
SARI_RS04150_1,131,454
SARI_RS03385_1,1327,4568
SARI_RS06860_1,261,819
SARI_RS02365_1,309,1095
SARI_RS03095_1,3029,9976
SARI_RS00300_1,223,641
SARI_RS01705_1,301,1382
SARI_RS01345_1,139,518
SARI_RS03075_1,154,503
SARI_RS04350_1,689,2326
SARI_RS05010_1,660,2337
SARI_RS00225_1,412,1298
SARI_RS06890_1,649,2375
SARI_RS04330_1,541,2042
SARI_RS03335_1,151,497
SARI_RS04315_1,140,571
SARI_RS10000_1,851,3037
SARI_RS05990_1,715,2534
SARI_RS08755_1,1235,4039
SARI_RS08750_1,766,2807
SARI_RS10025_1,260,928
SARI_RS10020_1,441,1368
SARI_RS14500_1,924,2973
SARI_RS12070_1,165,717
SARI_RS10300_1,598,2120
SARI_RS15745_1,624,1887
SARI_RS15535_1,1240,4673
SARI_RS15985_1,235,827
SARI_RS12310_1,661,2390
SARI_RS16370_1,393,1641
SARI_RS11670_1,719,2458
SARI_RS16745_1,477,1782
SARI_RS15495_1,177,552
SARI_RS11120_1,130,500
SARI_RS14475_1,443,1618
SARI_RS12265_1,1991,6028
SARI_RS15820_1,1053,3276
SARI_RS12100_1,464,1876
SARI_RS14575_1,229,707
SARI_RS11235_1,117,459
SARI_RS10050_1,931,3074
SARI_RS14465_1,136,521
SARI_RS14530_1,459,1494
SARI_RS14515_1,288,963
SARI_RS14510_1,330,1146
SARI_RS12065_1,311,1039
SARI_RS13245_1,804,2418
SARI_RS11220_1,1589,5503
SARI_RS14495_1,1636,5303
SARI_RS11230_1,236,700
SARI_RS12685_1,349,1244
SARI_RS15500_1,765,2601
SARI_RS14645_1,187,668
SARI_RS12725_1,1761,5781
SARI_RS16360_1,166,536
SARI_RS15810_1,774,2322
SARI_RS12700_1,2521,7703
SARI_RS13945_1,348,1218
SARI_RS12270_1,320,1156
SARI_RS12130_1,263,1159
SARI_RS11110_1,2102,7240
SARI_RS10045_1,1214,3988
SARI_RS10010_1,197,649
SARI_RS12075_1,940,3056
SARI_RS13960_1,273,906
SARI_RS15025_1,790,2846
SARI_RS16900_1,544,2111
SARI_RS21140_1,134,478
SARI_RS21125_1,2521,9170
SARI_RS20555_1,267,1074
SBG_RS03135_1,1336,4649
SBG_RS03130_1,139,464
SARI_RS19470_1,464,1390
SARI_RS17285_1,521,2035
SARI_RS18525_1,633,2013
SARI_RS21985_1,158,553
SARI_RS22015_1,173,574
SARI_RS16895_1,1455,4845
SARI_RS21650_1,123,471
SARI_RS21630_1,797,2479
SARI_RS18500_1,1056,3966
SARI_RS17290_1,299,1132
SARI_RS17930_1,480,1761
SARI_RS18075_1,441,1602
SARI_RS21605_1,215,757
SCH_RS01490_1,278,1126
SCH_RS01765_1,100,503
SCH_RS13030_1,818,2746
SCH_RS24120_1,287,982
SCH_RS24240_1,723,2193
SCH_RS19900_1,120,492
SCH_RS23775_1,167,553
SCH_RS01790_1,138,510
SCH_RS05185_1,148,473
SCH_RS02565_1,968,3442
SCH_RS23865_1,120,411
SCH_RS22680_1,163,602
SCH_RS17950_1,376,1307
SCH_RS24170_1,225,783
SCH_RS23915_1,490,1589
SCH_RS23965_1,235,656
SCH_RS22705_1,291,1023
SCH_RS22725_1,1331,4951
SCH_RS03150_1,189,639
SCH_RS23365_1,148,545
SCH_RS23905_1,922,2948
SCH_RS24025_1,1769,6079
SCH_RS24340_1,177,615
SCH_RS10000_1,622,2330
SCH_RS14110_1,557,1963
SCH_RS06935_1,155,538
SCH_RS11220_1,496,1718
SCH_RS14825_1,62,208
SCH_RS01960_1,211,779
SCH_RS14090_1,201,708
SCH_RS08100_1,907,2684
SCH_RS23300_1,294,984
SCH_RS13545_1,433,1511
SCH_RS09830_1,277,911
SCH_RS06610_1,221,706
SCH_RS06615_1,753,2460
SCH_RS22695_1,423,1593
SCH_RS11180_1,151,533
SCH_RS23425_1,110,394
SCH_RS13585_1,309,1023
SCH_RS01920_1,140,571
SCH_RS22715_1,203,895
SCH_RS22710_1,107,451
SCH_RS23380_1,259,902
SCH_RS23970_1,159,597
SCH_RS14095_1,547,1973
SCH_RS08050_1,1112,3424
SE1_gp63_1,1359,4392
SEAG_RS00005_1,154,557
SE14_RS25280_1,259,947
SEAG_RS00180_1,130,446
SEAG_RS00085_1,220,797
SE17cs_RS21020_1,197,712
SE14_RS24640_1,374,1282
SEAG_RS00010_1,139,545
SE451236_RS19935_1,345,1185
SEAG_RS00090_1,279,999
SED_RS05655_1,660,2265
SEAG_RS22830_1,1932,5970
SED_RS00420_1,283,1058
SEAG_RS13765_1,747,2439
SEAG_RS10055_1,570,2400
SEEA1592_RS06290_1,190,701
SED_RS00385_1,213,777
SEAG_RS13485_1,1782,6192
SEAG_RS00255_1,232,704
SEAG_RS16010_1,178,587
SED_RS00320_1,835,2783
SED_RS11255_1,141,543
SEAG_RS18990_1,1715,6088
SEAG_RS10170_1,505,1880
SED_RS00360_1,425,1519
SEAG_RS22930_1,870,3117
SED_RS03260_1,229,806
SED_RS14865_1,485,1855
SEAG_RS01720_1,325,1133
SEAG_RS01725_1,418,1598
SEAG_RS06265_1,537,2298
SED_RS00270_1,431,1504
SEAG_RS22765_1,829,2960
SED_RS00180_1,215,613
SEAG_RS10110_1,293,1210
SEAG_RS13450_1,359,1117
SEAG_RS10060_1,276,1038
SEAG_RS05555_1,597,2301
SEAG_RS16020_1,752,2686
SED_RS11245_1,326,1105
SEAG_RS16005_1,702,2457
SEAG_RS10180_1,2675,8908
SED_RS03370_1,294,1029
SED_RS00370_1,743,2803
SEAG_RS05475_1,1076,3163
SED_RS00285_1,297,1161
SEAG_RS22960_1,974,3526
SED_RS00415_1,526,1985
SEAG_RS22865_1,611,2170
SEEE1427_RS22750_1,244,809
SEEH1578_RS23895_1,161,595
SEEH1578_RS23835_1,117,540
SEEH1578_RS23845_1,150,606
SEEC0708_RS15720_1,240,957
SEEC0708_RS09875_1,813,2814
SEEH1578_RS23655_1,718,2315
SEEH1578_RS23820_1,231,813
SEEH1578_RS23860_1,254,799
SEEE1427_RS21155_1,392,1156
SEEC0708_RS07160_1,237,906
SEEH1578_RS23830_1,217,836
SEESL791_RS03565_1,236,799
SEEN550_RS01580_1,390,1356
SEESL791_RS05340_1,828,2781
SEEN462_RS00140_1,122,499
SEESL791_RS07930_1,341,1279
SEESL791_RS00565_1,569,2257
SEEP7378_RS08700_1,89,343
SEEN425_RS02240_1,135,558
SEEH1578_RS24045_1,187,677
SEEN486_RS06605_1,129,474
SEEP9120_RS17100_1,974,3643
SEEN425_RS01975_1,134,523
SEEP7378_RS06270_1,206,685
SEESL791_RS03575_1,228,771
SEEH1578_RS24035_1,1140,3360
SEEN462_RS01460_1,126,441
SEHA_RS00665_1,643,2300
SEHA_RS00390_1,390,1266
SEET0819_RS19190_1,123,507
SEEW1655_RS24650_1,380,1267
SEHA_RS00110_1,448,1487
SEET0819_RS19270_1,156,681
SEET0819_RS02600_1,300,1140
SEHA_RS13140_1,815,3478
SEHA_RS13145_1,178,641
SEHA_RS05950_1,139,428
SEHA_RS00330_1,439,1406
SEHA_RS02290_1,161,631
SEET0819_RS22585_1,201,663
SEHA_RS00015_1,167,643
SEET0819_RS02570_1,375,1416
SEET0819_RS16315_1,2384,7678
SEHA_RS08100_1,406,1268
SEHA_RS08160_1,325,944
SEHA_RS22690_1,119,403
SEHA_RS22695_1,105,435
SEHA_RS00080_1,725,2281
SEESL791_RS21640_1,577,2141
SEET0819_RS03065_1,283,1157
SEESL791_RS21665_1,603,2016
SEET0819_RS22125_1,419,1462
SEHA_RS00045_1,430,1379
SEHA_RS00040_1,309,1176
SEET0819_RS22105_1,184,644
SEHA_RS22610_1,156,510
SEHA_RS05510_1,353,1051
SEHA_RS22685_1,241,794
SEET0819_RS22145_1,404,1360
SEHA_RS01370_1,195,831
SEET0819_RS22170_1,825,2856
SEET0819_RS06365_1,1514,5002
SEHA_RS22575_1,173,619
SEHA_RS08855_1,156,492
SEHA_RS06105_1,824,2839
SEET0819_RS22060_1,257,823
SEHA_RS17035_1,493,1622
SEN_RS09955_1,98,352
SEN_RS07210_1,149,490
SEHA_RS22745_1,173,619
SEN_RS01090_1,2083,7016
SESA_RS02375_1,133,524
SEN_RS11165_1,1666,5795
SESA_RS00590_1,676,2222
SEN_RS05875_1,751,2489
SEN_RS05250_1,227,907
SEN_RS06040_1,129,411
SESA_RS02205_1,165,528
SEN_RS22050_1,165,582
SEN_RS10395_1,803,3013
SEN_RS10390_1,347,1300
SESA_RS00525_1,647,2035
SEHA_RS24220_1,258,921
SEN_RS05895_1,186,732
SEN_RS22070_1,387,1107
SESA_RS03440_1,384,1434
SEN_RS10375_1,493,1883
SEN_RS09960_1,715,2354
SEN_RS21875_1,1040,3217
SEN_RS10290_1,194,796
SESA_RS03535_1,335,1222
SEN_RS22090_1,493,1955
SESA_RS00225_1,399,1284
SESA_RS00220_1,2203,6698
SEN_RS07225_1,200,673
SEHA_RS22750_1,388,1241
SEN_RS05155_1,209,673
SESA_RS00360_1,207,621
SEN_RS05245_1,179,658
SEN_RS10380_1,303,1137
SEN_RS10385_1,288,927
SEN_RS11160_1,674,2395
SEN_RS10365_1,151,659
SEN_RS05880_1,194,643
SEN_RS22270_1,864,3051
SEN_RS05180_1,258,1065
SESA_RS00575_1,510,1731
SESA_RS00570_1,1342,4382
SEN_RS10320_1,989,3574
SEN_RS09970_1,512,1945
SESA_RS00600_1,632,2176
SEHA_RS23660_1,280,989
SINFA_RS01510_1,204,831
SESA_RS21705_1,297,1053
SESA_RS04005_1,235,728
SESA_RS04000_1,483,1614
SESA_RS03785_1,285,912
SLT-BT0051_1,147,492
SG_RS01415_1,580,1877
SG_RS01430_1,395,1225
SESA_RS03560_1,152,622
SESA_RS10940_1,895,3254
SESA_RS20155_1,1357,4682
SESA_RS15915_1,344,1222
SESA_RS14355_1,793,3032
SESA_RS19145_1,239,895
SESA_RS19120_1,859,2930
SG_RS01355_1,543,1995
SESA_RS22185_1,564,1812
SESA_RS03660_1,462,1707
SESA_RS18125_1,473,1651
SESA_RS14335_1,246,888
SESA_RS03630_1,534,1689
SESA_RS03975_1,166,527
SG_RS05220_1,998,3214
SG_RS10175_1,299,1123
SESA_RS21485_1,167,652
SLT-BT0141_1,402,1164
SESA_RS15220_1,443,1681
SESA_RS03575_1,922,3137
SG_RS05285_1,137,502
SLT-BT0161_1,431,1225
SG_RS01465_1,1693,6164
SG_RS01480_1,1185,4368
SESA_RS21630_1,223,812
SESA_RS03840_1,246,969
SG_RS06000_1,277,1010
SG_RS05280_1,1001,3418
SLT-BT0181_1,517,1373
SINFA_RS06460_1,101,412
SESA_RS22160_1,348,1092
SG_RS22420_1,452,1384
SLT-BT1031_1,310,1157
SNSL254_RS06505_1,187,695
SNSL254_RS00905_1,702,2331
SLT-BT0271_1,728,2179
SNSL254_RS06480_1,401,1408
SNSL254_RS10220_1,276,1092
SLT-BT0581_1,305,1162
SLT-BT0631_1,899,2926
SNSL254_RS00300_1,222,777
SNSL254_RS00795_1,662,1921
SLT-BT0672_1,307,935
SLT-BT0671_1,488,1555
SNSL254_RS00280_1,249,885
SLT-BT1101_1,193,662
SLT-BT0711_1,234,738
SLT-BT0951_1,219,708
SLT-BT0771_1,334,1079
SNSL254_RS00995_1,952,3647
SNSL254_RS06630_1,209,790
SLT-BT0911_1,1849,6098
SNSL254_RS00220_1,236,682
SLT-BT0241_1,544,1760
SLT-BT0791_1,441,1620
SLT-BT1021_1,1919,6550
SNSL254_RS10600_1,144,468
SNSL254_RS10605_1,672,2361
SLT-BT0881_1,398,1150
SNSL254_RS00760_1,911,2797
SNSL254_RS02590_1,345,1149
SLT-BT0593_1,282,960
SLT-BT0594_1,418,1283
SLT-BT0641_1,307,962
SNSL254_RS00310_1,1010,3274
SNSL254_RS00640_1,1123,3755
SLT-BT0801_1,200,763
SNSL254_RS06625_1,754,2450
SLT-BT0861_1,440,1351
SNSL254_RS00855_1,703,2312
SNSL254_RS06475_1,155,592
SNSL254_RS00160_1,250,758
SNSL254_RS10590_1,136,494
SLT-BT0962_1,282,978
SLT-BT0741_1,1427,4567
SNSL254_RS00020_1,180,666
SNSL254_RS09040_1,131,436
SPA_RS12220_1,381,1383
SPAB_RS09195_1,362,1195
SPAB_RS23080_1,918,3357
SPAB_RS23085_1,821,2806
SPAB_RS21875_1,1524,4812
SPA_RS13320_1,160,524
SNSL254_RS15045_1,842,2740
SNSL254_RS23890_1,146,520
SPAB_RS04645_1,114,435
SPA_RS13155_1,157,572
SPA_RS01785_1,505,1727
SPA_RS21750_1,393,1308
SPA_RS22215_1,316,1160
SPA_RS13270_1,729,2340
SPAB_RS09025_1,440,1369
SPAB_RS04655_1,888,3315
SPAB_RS22125_1,152,568
SPA_RS21860_1,4353,14610
SNSL254_RS21670_1,390,1140
SPAB_RS18960_1,260,991
SPAB_RS21770_1,374,1282
SPA_RS05935_1,604,2060
SPAB_RS21980_1,497,1339
SPAB_RS04665_1,3083,10669
SNSL254_RS21760_1,264,987
SPA_RS09310_1,336,1257
SPA_RS12020_1,161,586
SPAB_RS04310_1,171,630
SPA_RS13335_1,681,2361
SPA_RS03880_1,638,2458
SNSL254_RS21620_1,295,1001
SPAB_RS10940_1,589,2183
SPA_RS07825_1,141,507
SPA_RS01795_1,381,1167
SPAB_RS21705_1,137,466
SPC_0567_1,146,565
SNSL254_RS23860_1,1655,5995
SPA_RS17450_1,888,2838
SPAB_RS04735_1,883,2906
SPAB_RS00940_1,1753,6068
SPAB_RS04240_1,519,1632
SSU5_097_1,179,667
SPC_RS06365_1,177,768
STM04865_1,125,433
STM1637_1,1048,3605
SPC_RS22020_1,225,756
SPC_RS21930_1,672,2181
STM1671_1,520,2054
SSU5_051_1,138,474
STBHUCCB_RS14210_1,196,659
SPC_RS19525_1,250,1028
STM0928_1,821,2896
SPN9CC_0019_1,805,2885
SPC_RS22100_1,142,587
SPC_RS06315_1,258,948
STM0909_1,327,1149
STM0901_1,666,2241
STM14_RS00375_1,179,694
STM1549_1,273,897
SPC_RS10885_1,159,660
STM14_RS06850_1,294,1110
ST64Tp48_1,249,822
SSPA0283_1,164,529
STM04870_1,124,461
SSU5_046_1,131,508
STM04890_1,103,473
SPC_RS06530_1,306,1080
STM0657_1,466,1622
SPC_RS06510_1,1437,5160
STM1548.s_1,670,2570
STM3753_1,801,2772
STMMW_00381_1,875,2887
STMMW_02881_1,531,1791
STM3637_1,748,2492
STM474_RS24265_1,165,618
STM2695_1,789,2514
STM2711_1,338,1003
STMMW_02931_1,346,1220
STMMW_00181_1,2148,6843
STMMW_01871_1,619,1946
STMMW_00511_1,810,2799
STMMW_00871_1,128,457
STMMW_00811_1,1040,3235
STMMW_03041_1,176,652
STMMW_00221_1,1840,6026
STM2739_1,701,2377
STMMW_02911_1,570,1797
STM3745_1,586,1970
STMMW_02421_1,908,2728
STMMW_02551_1,660,2085
STMMW_02891_1,273,1059
STMMW_00691_1,2347,7337
STM4196_1,469,1718
STM2680_1,371,1447
STMMW_00371_1,749,2824
STM474_RS24255_1,240,804
STMMW_00311_1,271,1052
STMMW_00881_1,1189,4481
STM2703_1,723,2517
STMDT12_RS01820_1,538,1784
STM2729_1,1672,5618
STMDT12_RS24330_1,660,1923
STM2740_1,734,2461
STMMW_02391_1,1187,4105
STMMW_03133_1,77,319
STMMW_03051_1,183,744
STMMW_00771_1,548,1765
STMMW_02901_1,2952,8658
STMMW_02961_1,2943,9342
STM474_RS24280_1,460,1439
STMMW_00301_1,660,2355
STM474_RS13975_1,273,852
STMMW_09831_1,559,2321
STMMW_05671_1,540,1944
STMMW_07791_1,516,1797
STMMW_05911_1,746,2359
STMMW_04321_1,176,499
STMMW_06241_1,620,2161
STMMW_03691_1,321,1236
STMMW_08511_1,121,401
STMMW_07881_1,267,849
STMMW_08741_1,713,2212
STMMW_07251_1,845,2872
STMMW_09121_1,457,1586
STMMW_03491_1,95,346
STMMW_09331_1,803,2590
STMMW_10541_1,340,1154
STMMW_05091_1,809,3043
STMMW_08621_1,392,1291
STMMW_05391_1,175,608
STMMW_09821_1,215,766
STMMW_03621_1,119,466
STMMW_05081_1,972,3564
STMMW_10221_1,178,605
STMMW_07811_1,1091,4246
STMMW_10131_1,821,2824
STMMW_05641_1,1104,3855
STMMW_08891_1,1082,3697
STMMW_09201_1,414,1449
STMMW_08521_1,1537,5357
STMMW_03571_1,576,1926
STMMW_10281_1,230,706
STMMW_04971_1,694,1889
STMMW_05491_1,648,2160
STMMW_06711_1,593,2116
STMMW_07761_1,732,2724
STMMW_07741_1,235,773
STMMW_03481_1,123,426
STMMW_10551_1,394,1208
STMMW_06491_1,534,1581
STMMW_10591_1,2412,7641
STMMW_03422_1,107,406
STMMW_16951_1,224,676
STMMW_16931_1,874,3248
STMMW_15482_1,140,490
STMMW_15931_1,1003,3272
STMMW_15971_1,590,2263
STMMW_12571_1,165,654
STMMW_18541_1,251,811
STMMW_14851_1,203,652
STMMW_19791_1,103,383
STMMW_15781_1,421,1478
STMMW_12741_1,75,375
STMMW_19731_1,208,692
STMMW_12961_1,177,588
STMMW_11041_1,854,3007
STMMW_12131_1,1451,5074
STMMW_13361_1,186,759
STMMW_20041_1,352,1133
STMMW_15951_1,153,540
STMMW_18491_1,172,638
STMMW_16821_1,167,490
STMMW_20001_1,853,2765
STMMW_13681_1,866,2770
STMMW_19871_1,406,1232
STMMW_16941_1,97,443
STMMW_14011_1,149,580
STMMW_15941_1,520,1793
STMMW_19441_1,314,928
STMMW_18701_1,656,2260
STMMW_19091_1,69,282
STMMW_19231_1,215,784
STMMW_13381_1,137,484
STMMW_10611_1,382,1364
STMMW_18461_1,118,395
STMMW_12891_1,995,3487
STMMW_19271_1,102,366
STMMW_11011_1,208,755
STMMW_20111_1,233,802
STMMW_10671_1,196,668
STMMW_11051_1,985,3110
STMMW_20071_1,294,966
STMMW_15911_1,178,614
STMMW_19961_1,374,1309
STMMW_19371_1,800,2818
STMMW_12501_1,479,1888
STMMW_11351_1,590,1975
STMMW_16971_1,832,2570
STMMW_21241_1,630,2349
STMMW_26141_1,2224,7064
STMMW_26121_1,486,1611
STMMW_21891_1,326,1078
STMMW_22731_1,139,473
STMMW_24192_1,176,607
STMMW_21702_1,74,277
STMMW_25341_1,1479,5100
STMMW_20451_1,1088,3286
STMMW_20321_1,374,1336
STMMW_25321_1,3987,12807
STMMW_26411_1,411,1488
STMMW_23111_1,619,2243
STMMW_20361_1,346,1076
STMMW_22981_1,895,3083
STMMW_22591_1,454,1562
STMMW_22611_1,1212,4278
STMMW_21651_1,510,1641
STMMW_26211_1,303,849
STMMW_22821_1,628,1982
STMMW_26071_1,553,1922
STMMW_26251_1,1094,3397
STMMW_20971_1,1603,5444
STMMW_26171_1,566,1675
STMMW_26151_1,214,731
STMMW_24701_1,606,2094
STMMW_24571_1,262,881
STMMW_20401_1,190,575
STMMW_22211_1,1032,3531
STMMW_22761_1,366,1326
STMMW_26401_1,150,552
STMMW_22421_1,491,1642
STMMW_20371_1,485,1612
STMMW_21681_1,642,2499
STMMW_22991_1,548,2107
STMMW_20352_1,139,428
STMMW_20251_1,374,1228
STMMW_23511_1,96,363
STMMW_25911_1,645,2136
STMMW_25241_1,178,533
STMMW_20441_1,282,879
STMMW_20681_1,579,1806
STMMW_25471_1,1668,5550
STMMW_25261_1,238,833
STMMW_24001_1,892,2753
STMMW_21781_1,627,1767
STMMW_27361_1,576,2025
STMMW_29721_1,105,336
STMMW_31571_1,250,830
STMMW_29701_1,957,2652
STMMW_31551_1,448,1586
STMMW_29071_1,1788,6204
STMMW_27011_1,305,1054
STMMW_29131_1,570,1824
STMMW_31271_1,292,1076
STMMW_30251_1,169,587
STMMW_27211_1,731,2878
STMMW_31932_1,231,660
STMMW_28311_1,427,1616
STMMW_27391_1,406,1313
STMMW_31681_1,451,1385
STMMW_28061_1,570,1860
STMMW_30411_1,305,1117
STMMW_30311_1,752,2389
STMMW_29261_1,163,593
STMMW_30591_1,503,1558
STMMW_27081_1,466,1451
STMMW_31851_1,375,1218
STMMW_31991_1,1211,4099
STMMW_28271_1,592,2135
STMMW_31811_1,868,2696
STMMW_27351_1,210,690
STMMW_30771_1,287,1018
STMMW_26701_1,512,1531
STMMW_27611_1,479,1555
STMMW_30551_1,558,1782
STMMW_27261_1,1151,3475
STMMW_31891_1,500,1426
STMMW_27451_1,222,777
STMMW_27471_1,234,783
STMMW_30901_1,260,883
STMMW_31011_1,537,1596
STMMW_29961_1,174,582
STMMW_31751_1,807,2550
STMMW_26951_1,401,1372
STMMW_27111_1,152,496
STMMW_26511_1,91,386
STMMW_30741_1,881,2890
STMMW_33311_1,759,2553
STMMW_40621_1,446,1543
STMMW_40191_1,669,2283
STMMW_32941_1,305,1225
STMMW_37481_1,575,1999
STMMW_40031_1,650,2446
STMMW_35171_1,1030,3353
STMMW_38871_1,77,256
STMMW_38811_1,206,748
STMMW_36581_1,622,2177
STMMW_36631_1,485,1504
STMMW_38831_1,662,2002
STMMW_38191_1,618,2073
STMMW_32102_1,142,461
STMMW_39761_1,825,2901
STMMW_39781_1,707,2371
STMMW_34691_1,4132,13355
STMMW_36731_1,1419,4332
STMMW_37661_1,227,853
STMMW_39261_1,663,1992
STMMW_36281_1,1740,5847
STMMW_32071_1,169,650
STMMW_33861_1,1551,4749
STMMW_39371_1,895,3137
STMMW_37261_1,639,2007
STMMW_33961_1,368,1261
STMMW_33011_1,742,2291
STMMW_38861_1,205,713
STMMW_32391_1,968,3028
STMMW_35771_1,864,2727
STMMW_33321_1,996,2766
STMMW_32891_1,980,3250
STMMW_36621_1,1067,3424
STMMW_36101_1,134,478
STMMW_39251_1,310,1067
STMMW_40291_1,535,1733
STMMW_35081_1,803,2257
STMMW_38161_1,592,1946
STMMW_37441_1,123,399
STMMW_40441_1,214,776
STMMW_37091_1,131,571
STMMW_35941_1,239,832
STMMW_38711_1,1072,3212
STMMW_33711_1,822,2337
STMMW_42661_1,151,515
STMMW_44601_1,662,1993
STMMW_44131_1,110,466
STMMW_41091_1,217,818
STMMW_44171_1,569,1870
STMMW_44542_1,63,324
STY1029_1,111,375
STMMW_44521_1,474,1551
STMMW_42561_1,1734,5556
STMMW_44711_1,1085,3685
STU288_RS09605_1,494,1540
STY2059_1,263,961
STMMW_44691_1,230,769
STMMW_43341_1,151,470
STMMW_42271_1,88,353
STMMW_42832_1,130,401
STMMW_41401_1,79,227
STMMW_45301_1,326,1096
STMMW_44181_1,308,1159
STY1499_1,440,1675
STY1498_1,582,2172
STMMW_41391_1,520,1550
STMMW_42611_1,596,2122
STMMW_44671_1,94,338
STMMW_42631_1,157,491
STY2072_1,189,639
STMMW_42211_1,636,2028
STMMW_43291_1,328,1067
STMMW_41081_1,218,754
STU288_RS24205_1,430,1514
STU288_RS24200_1,201,654
STY1033_1,205,713
STU288_RS24480_1,505,1691
STMMW_43271_1,1012,3281
STU288_RS24190_1,134,460
STMMW_44331_1,185,625
STMMW_43421_1,1031,3199
STMMW_43151_1,506,1591
STU288_RS23690_1,1147,3569
STMMW_44701_1,941,3289
STMMW_44681_1,428,1678
STMMW_42681_1,374,1102
STMMW_43871_1,495,1440
T_RS06915_1,840,2625
T_RS10115_1,257,877
T_RS03670_1,298,1205
T_RS15420_1,100,413
T_RS08145_1,91,323
T_RS19665_1,144,576
SU5_RS23120_1,187,659
T_RS05180_1,132,471
T_RS05665_1,487,1700
T_RS07105_1,313,1046
T_RS05145_1,102,420
SU5_RS23140_1,342,1188
T_RS20005_1,938,2941
T_RS00715_1,730,2240
STY3288_1,307,1286
T_RS07065_1,149,517
T_RS15370_1,84,276
T_RS15375_1,112,455
T_RS09750_1,316,1106
T_RS13095_1,336,1077
T_RS15670_1,993,3282
T_RS09805_1,707,2488
T_RS13015_1,329,1156
T_RS17310_1,578,1996
STY3764_1,904,2876
T_RS15430_1,150,534
STY4595_1,232,848
T_RS03710_1,497,1663
T_RS05675_1,230,904
T_RS15380_1,175,716
SU5_RS23035_1,482,1768
T_RS05150_1,808,2585
T_RS03650_1,120,474
SU5_RS22975_1,294,1011
T_RS19980_1,80,271
T_RS17265_1,732,2427
T_RS15385_1,214,740
T_RS19325_1,410,1597
T_RS19320_1,230,922
T_RS07015_1,222,759
T_RS18615_1,303,1038
T_RS18610_1,502,1739
T_RS05680_1,588,1842
SU5_RS23005_1,678,2418
T_RS09640_1,1054,3356
T_RS12880_1,837,2583
T_RS06935_1,232,776
T_RS17335_1,591,2154
T_RS22235_1,154,485
T_RS21715_1,434,1528
T_RS21845_1,195,615
ZV79_RS13695_1,829,2861
T_RS21795_1,196,713
X506_RS09050_1,2647,9476
T_RS21790_1,626,2137
T_RS22170_1,1054,3482
T_RS21635_1,487,1502
X506_RS22945_1,338,1255
T_RS23065_1,469,1790
X506_RS23080_1,158,607
ZV79_RS02880_1,149,562
X506_RS22870_1,465,1443
ZV79_RS13710_1,276,984
ZV79_RS21585_1,1142,3880
X506_RS22750_1,128,547
X506_RS22755_1,394,1379
T_RS22225_1,158,535
X506_RS23160_1,264,888
ZV79_RS11915_1,1430,4582
T_RS21740_1,1705,5567
X506_RS09040_1,983,3688
T_RS21590_1,331,929
ZV79_RS05300_1,93,321
ZV79_RS16215_1,388,1385
T_RS21800_1,256,887
T_RS21620_1,801,2457
T_RS22180_1,643,2399
T_RS23580_1,368,1117
X506_RS22980_1,498,1689
T_RS22640_1,773,2647
STM0157_1,1138,3731
ZV79_RS04025_1,300,1212
T_RS21655_1,620,2008
T_RS21560_1,1447,4538
STMMW_12481_1,860,2893
T_RS21685_1,1493,4780
T_RS22020_1,149,508
X506_RS04330_1,609,1830
ZV79_RS22410_1,1175,3685
X506_RS22965_1,263,952
STMMW_36051_1,2526,8103
STMMW_34801_1,351,1071
STMMW_25491_1,3625,11180
STMMW_43451_1,640,1907
STMMW_28731_1,275,868
STMMW_45191_1,735,2316
STMMW_27712_1,123,354
STMMW_40581_1,683,2242
STMMW_25451_1,655,1775
A464_RS06370_1,94,329
A464_RS04770_1,955,3635
A464_RS04710_1,608,2218
A464_RS09690_1,300,1158
A464_RS09695_1,220,815
A464_RS09675_1,353,1213
A464_RS09670_1,187,659
A464_RS09655_1,439,1424
A464_RS09650_1,352,1052
A464_RS06715_1,183,591
A464_RS09635_1,408,1338
A464_RS09870_1,386,1315
A464_RS09730_1,1256,4324
A464_RS09735_1,380,1258
A464_RS09665_1,1762,5609
A464_RS09660_1,677,2329
A464_RS06725_1,135,441
A464_RS09640_1,799,2576
A464_RS09720_1,1097,3592
A464_RS06745_1,216,720
A464_RS06740_1,181,656
A464_RS09680_1,1026,3384
A464_RS09715_1,707,2488
A464_RS09740_1,391,1382
A464_RS09705_1,740,2392
A464_RS09685_1,207,693
A464_RS09725_1,167,553
A464_RS09880_1,136,503
A464_RS22600_1,535,1805
A464_RS21830_1,691,2432
A464_RS22580_1,392,1291
A464_RS21835_1,378,1260
ACT03_RS23470_1,118,440
ACT03_RS23570_1,241,1082
ACT03_RS23510_1,172,629
ACT03_RS17250_1,198,693
A464_RS22665_1,148,527
ACT03_RS18470_1,578,2266
AH83_RS23475_1,745,2576
A464_RS22685_1,201,717
A464_RS22680_1,410,1282
ACT03_RS21420_1,681,2640
ACT03_RS21460_1,535,2111
ACT03_RS23550_1,191,808
A464_RS22670_1,989,3097
A464_RS22675_1,570,1653
A464_RS22690_1,276,804
ACT03_RS23580_1,196,749
ACT03_RS21415_1,399,1500
A464_RS22700_1,238,923
ACT03_RS18475_1,154,566
APS44_RS23740_1,800,2692
APS44_RS23975_1,547,2261
APS44_RS23390_1,149,544
APS44_RS23990_1,609,2262
APS44_RS23950_1,1307,4750
APS44_RS23645_1,124,479
APS44_RS24530_1,2735,9127
APS44_RS23985_1,580,2237
APS44_RS23775_1,145,476
AL463_RS23190_1,158,517
APS44_RS23450_1,213,669
APS44_RS24035_1,776,2770
ARC00_RS01540_1,251,1027
ARC00_RS01535_1,176,679
ARC00_RS04820_1,165,555
ARC00_RS25035_1,174,663
ARC00_RS24980_1,510,1668
ARC00_RS14945_1,140,535
ARC00_RS23115_1,724,2534
ARC00_RS04945_1,184,680
ARC00_RS23135_1,689,2272
ARC00_RS23155_1,1119,3129
ARC00_RS23170_1,439,1505
ARC00_RS23175_1,288,1026
ARC00_RS24985_1,194,724
ARC00_RS24895_1,1257,4305
ARC00_RS04855_1,267,921
ARC00_RS23165_1,527,1750
ARC00_RS10380_1,372,1302
ARC00_RS24075_1,1039,3974
ARC00_RS04830_1,141,507
ARC00_RS25045_1,175,608
ARC00_RS24995_1,152,604
ARC00_RS24990_1,131,553
ARC00_RS23160_1,633,1986
ARC00_RS10545_1,435,1653
ARC00_RS23120_1,1841,6457
ARC00_RS24800_1,235,917
ARC00_RS23140_1,162,567
ARC00_RS04915_1,579,2004
ARC00_RS06305_1,119,520
ARC00_RS25015_1,212,805
ARC00_RS04825_1,88,353
ARC00_RS25095_1,874,2906
ARC00_RS25100_1,8594,31321
ARC00_RS25105_1,5559,19587
ARC26_RS23645_1,125,460
ARC00_RS25050_1,183,672
ARC58_RS01740_1,487,1970
ARC00_RS25055_1,319,1130
ARC00_RS25075_1,534,1743
AT698_RS09690_1,366,1308
AT698_RS08715_1,540,1791
AT698_RS08710_1,929,2680
AT698_RS16290_1,913,3668
AT698_RS16295_1,607,2327
AT698_RS16125_1,668,1987
AT698_RS09695_1,161,469
AT698_RS16350_1,493,1847
AT698_RS05055_1,211,770
AT698_RS01195_1,486,1827
AT698_RS20490_1,369,1350
AT698_RS16235_1,529,1523
AT698_RS17220_1,107,496
AT698_RS00300_1,421,1676
AT698_RS18135_1,2384,8947
AT698_RS08745_1,656,1918
AT698_RS08720_1,905,3010
AT698_RS08725_1,827,2737
AT698_RS09685_1,290,1087
AS586_RS07090_1,229,842
AT698_RS16240_1,544,2111
AT698_RS14080_1,297,1269
AT698_RS20495_1,1108,3878
AT698_RS16355_1,1019,3895
AT698_RS20565_1,148,509
AT698_RS20545_1,330,1146
AT698_RS20525_1,416,1267
AT698_RS20500_1,237,834
AT698_RS20505_1,297,1035
AT698_RS20570_1,166,581
AT698_RS20560_1,157,518
AT698_RS20575_1,289,1016
AT698_RS20555_1,197,703
AT698_RS20530_1,802,2663
AT698_RS20535_1,286,1136
AT698_RS20540_1,155,628
AT698_RS20515_1,241,776
AT698_RS20510_1,199,674
AW50_RS05370_1,770,2650
AU102_gp50_1,207,738
AU102_gp51_1,134,478
AU102_gp52_1,156,645
AW50_RS03080_1,182,718
AU102_gp34_1,94,293
AW50_RS10070_1,179,595
AW55_RS13225_1,230,616
AVT38_gp42_1,116,388
AW83_RS02995_1,116,442
AW67_RS03080_1,615,2166
AW55_RS19795_1,580,2156
AW55_RS19850_1,304,1064
AW57_RS22520_1,324,1179
B619_gp33_1,811,2825
AW90_RS12960_1,648,2277
B619_gp34_1,78,264
c341_gp42_1,425,1600
BN2442_RS24540_1,558,1944
CFSAN000658_RS11480_1,824,3172
BN2442_RS12020_1,380,1519
CFSAN000658_RS13690_1,886,2723
CFSAN000658_RS02275_1,375,1317
BN2442_RS24515_1,137,529
CFSAN000658_RS16270_1,314,991
c341_gp21_1,534,1734
CFSAN001588_RS07910_1,658,2330
CFSAN000658_RS21140_1,2169,7803
CFSAN000658_RS21145_1,471,1500
CFSAN001080_RS03010_1,240,804
CFSAN001080_RS03035_1,1079,3376
CFSAN001080_RS03030_1,403,1235
CFSAN001080_RS03025_1,260,838
CFSAN001080_RS02985_1,1046,3517
CFSAN001080_RS03055_1,1619,4897
CFSAN001080_RS03050_1,130,419
CFSAN001080_RS03065_1,224,685
CFSAN001080_RS03075_1,486,1548
CFSAN000658_RS19090_1,502,1910
CFSAN001080_RS21160_1,425,1330
CFSAN001080_RS03070_1,650,1960
CFSAN001080_RS03080_1,267,804
CFSAN001080_RS03085_1,920,2806
CFSAN001080_RS21740_1,116,442
CFSAN001588_RS05935_1,476,1459
CFSAN001080_RS03005_1,719,2368
CFSAN001080_RS02995_1,968,3073
CFSAN001080_RS02990_1,500,1570
CFSAN001080_RS03020_1,388,1367
CFSAN001080_RS03045_1,273,942
CFSAN001080_RS03040_1,328,1013
CFSAN000658_RS16295_1,814,2633
CFSAN001080_RS05720_1,105,453
CFSAN001080_RS03015_1,337,1031
CFSAN000658_RS19100_1,688,2615
CFSAN001588_RS22485_1,2442,8637
CFSAN001588_RS22480_1,175,608
CFSAN001588_RS22465_1,630,1989
CFSAN001588_RS13395_1,196,659
CFSAN001588_RS22535_1,311,1138
CFSAN001588_RS22515_1,1407,4857
CFSAN001588_RS22570_1,1066,3623
CFSAN001588_RS22490_1,213,840
CFSAN001588_RS13400_1,392,1264
CFSAN001588_RS13405_1,139,527
CFSAN001588_RS22575_1,342,1035
CFSAN001588_RS12520_1,542,1843
CFSAN001588_RS12450_1,290,934
CFSAN001588_RS22540_1,432,1431
CFSAN001588_RS16010_1,301,1076
CFSAN001588_RS13340_1,137,493
CFSAN001588_RS22555_1,659,2158
CFSAN001588_RS13420_1,215,757
CFSAN001588_RS22495_1,419,1615
CFSAN001588_RS22520_1,354,1275
CFSAN001588_RS22505_1,256,1031
CFSAN001588_RS22500_1,444,1662
CFSAN001588_RS22560_1,360,1179
CFSAN001588_RS13415_1,159,570
CFSAN001588_RS22545_1,283,977
CFSAN001588_RS09070_1,547,2018
CFSAN001588_RS22565_1,723,2472
CFSAN001588_RS13225_1,139,428
CFSAN001588_RS13125_1,260,937
CFSAN001588_RS12290_1,527,2038
CFSAN001588_RS22715_1,539,1630
CFSAN001588_RS22590_1,462,1581
CFSAN001588_RS22595_1,177,759
CFSAN001921_RS12135_1,659,2275
CFSAN001588_RS22690_1,206,658
CFSAN001588_RS22695_1,287,1000
CFSAN001921_RS03265_1,304,956
CFSAN001588_RS22670_1,128,475
CFSAN001588_RS22675_1,167,589
CFSAN001921_RS12120_1,154,512
CFSAN001588_RS22650_1,139,545
CFSAN001588_RS22635_1,662,2173
CFSAN001588_RS22630_1,556,2000
CFSAN001921_RS12060_1,146,502
CFSAN001588_RS22725_1,161,604
CFSAN001588_RS22610_1,742,2462
CFSAN001588_RS22720_1,481,1508
CFSAN001588_RS22585_1,1229,3883
CFSAN001588_RS22580_1,958,3209
CFSAN001588_RS22685_1,333,1143
CFSAN001588_RS22680_1,285,1083
CFSAN001588_RS22660_1,1648,5831
CFSAN001921_RS12130_1,384,1407
CFSAN001921_RS12125_1,152,550
CFSAN001588_RS22640_1,238,959
CFSAN001588_RS22625_1,520,1811
CFSAN001588_RS22620_1,948,3075
CFSAN001588_RS22600_1,1106,3754
CFSAN001921_RS23885_1,395,1342
CFSAN001921_RS24450_1,449,1828
CFSAN001921_RS23825_1,157,437
CFSAN001921_RS23800_1,299,988
CFSAN001921_RS23900_1,197,631
CFSAN001921_RS24605_1,1260,3879
CFSAN001921_RS24600_1,667,2213
CFSAN001921_RS24615_1,1025,2818
CFSAN001921_RS24610_1,1336,4073
CFSAN001921_RS23805_1,394,1298
CFSAN001921_RS23785_1,116,469
CFSAN001921_RS23780_1,239,940
CFSAN001921_RS24575_1,1182,3552
CFSAN001921_RS24570_1,1426,4640
CFSAN001921_RS23915_1,313,992
CFSAN001921_RS23815_1,362,1276
CFSAN001921_RS23835_1,159,570
CFSAN001921_RS23830_1,178,578
CFSAN001921_RS23820_1,664,2153
CFSAN001921_RS23855_1,519,1848
CFSAN001921_RS24550_1,839,2806
CFSAN001921_RS24595_1,4456,13868
CFSAN001921_RS24590_1,6927,21567
CFSAN001921_RS23895_1,266,778
CFSAN001921_RS24635_1,570,2013
CFSAN001921_RS24630_1,1041,3423
CFSAN001921_RS24495_1,223,686
CFSAN001921_RS15725_1,181,656
CFSAN001921_RS24395_1,180,540
CFSAN001921_RS24200_1,443,1510
CFSAN001921_RS23910_1,583,1820
CFSAN001921_RS24625_1,191,709
CFSAN001921_RS24430_1,237,852
CFSAN001921_RS23795_1,222,822
CFSAN001921_RS23790_1,808,2747
CFSAN001921_RS24640_1,247,878
CFSAN001921_RS24780_1,252,783
CFSAN001921_RS24765_1,179,631
CFSAN001921_RS23770_1,639,2160
CFSAN001921_RS23775_1,991,3401
CFSAN001921_RS23845_1,858,2877
CFSAN001921_RS23840_1,235,854
CFSAN001921_RS24585_1,801,2502
CFSAN001921_RS24580_1,576,1836
CFSAN001921_RS23865_1,1284,4431
CFSAN001921_RS23860_1,144,477
CFSAN002050_RS02580_1,565,2027
CFSAN001992_RS15560_1,235,872
CFSAN001992_RS20055_1,712,2609
CFSAN001992_RS22680_1,416,1159
CFSAN001992_RS11600_1,388,1421
CFSAN001992_RS11590_1,460,1682
CFSAN001992_RS11595_1,921,3525
CFSAN001992_RS09600_1,182,547
CFSAN001992_RS00095_1,477,1773
CFSAN001992_RS11575_1,932,3370
CFSAN001992_RS09620_1,122,445
CFSAN001992_RS09625_1,293,1111
CFSAN002050_RS02575_1,195,840
CFSAN001992_RS00110_1,769,2795
CFSAN001992_RS00115_1,266,859
CFSAN001992_RS00135_1,429,1506
CFSAN001992_RS00130_1,324,1062
CFSAN001992_RS21820_1,812,2437
CFSAN001992_RS15575_1,225,936
CFSAN001992_RS22645_1,471,1851
CFSAN001992_RS11570_1,928,3158
CFSAN001992_RS22650_1,579,2265
CFSAN001992_RS06365_1,156,654
CFSAN001992_RS11605_1,122,445
CFSAN001992_RS20060_1,249,1056
CFSAN001992_RS20065_1,399,1599
CFSAN001992_RS15415_1,830,2626
CFSAN001992_RS09610_1,461,1681
CFSAN001992_RS09615_1,967,3209
CFSAN001992_RS22675_1,714,2220
CFSAN001992_RS00080_1,92,304
CFSAN001992_RS11585_1,2012,7276
CFSAN001992_RS11580_1,1300,4802
CFSAN001992_RS21825_1,774,2349
CFSAN001992_RS00100_1,406,1268
CFSAN001992_RS00105_1,1510,5420
CFSAN001992_RS11560_1,225,801
CFSAN001992_RS00045_1,155,457
CFSAN002050_RS02195_1,577,2033
CFSAN001992_RS06500_1,809,3052
CFSAN001992_RS21815_1,929,2815
CFSAN001992_RS00125_1,548,1774
CFSAN001992_RS20750_1,248,868
CFSAN001992_RS21835_1,597,1968
CFSAN001992_RS00055_1,199,728
CFSAN001992_RS07535_1,549,1962
CFSAN001992_RS00120_1,537,1983
CFSAN001992_RS20755_1,647,2539
CFSAN002050_RS10135_1,298,971
CFSAN002050_RS03365_1,252,900
CFSAN002050_RS03360_1,530,1720
CFSAN002050_RS03340_1,1012,3659
CFSAN002050_RS10050_1,1424,4606
CFSAN002050_RS10035_1,861,2595
CFSAN002050_RS03385_1,264,798
CFSAN002050_RS03380_1,292,1004
CFSAN002050_RS04290_1,1602,5769
CFSAN002050_RS02810_1,123,525
CFSAN002050_RS06460_1,259,1046
CFSAN002050_RS04330_1,405,1503
CFSAN002050_RS13340_1,185,661
CFSAN002050_RS04355_1,2318,7015
CFSAN002050_RS13325_1,247,914
CFSAN002050_RS02755_1,337,1301
CFSAN002050_RS10140_1,515,1987
CFSAN002050_RS13320_1,865,2960
CFSAN002050_RS03345_1,1141,4457
CFSAN002050_RS03400_1,217,836
CFSAN002050_RS09870_1,275,1030
CFSAN002050_RS03330_1,1989,7362
CFSAN002050_RS02805_1,145,476
CFSAN002050_RS03375_1,258,921
CFSAN002050_RS03370_1,325,1070
CFSAN002050_RS06500_1,188,757
CFSAN002050_RS02790_1,189,702
CFSAN002050_RS04280_1,642,2373
CFSAN002050_RS04285_1,580,2219
CFSAN002050_RS03395_1,1210,4289
CFSAN002050_RS02605_1,544,2093
CFSAN002050_RS13345_1,243,792
CFSAN002050_RS09960_1,364,1103
CFSAN002050_RS06450_1,294,1002
CFSAN002050_RS14515_1,408,1347
CFSAN002050_RS14510_1,284,913
CFSAN002050_RS06435_1,460,1736
CFSAN002050_RS13885_1,463,1841
CFSAN002050_RS13315_1,788,2758
CFSAN002050_RS04360_1,301,1040
CFSAN002050_RS13330_1,617,2209
CFSAN002050_RS13335_1,662,2110
CFSAN002050_RS02725_1,143,478
CFSAN002050_RS02720_1,207,648
CFSAN002050_RS03410_1,390,1581
CFSAN002050_RS10125_1,114,462
CFSAN002050_RS20675_1,617,2083
CFSAN002050_RS20715_1,1008,2691
CFSAN002050_RS20710_1,400,1184
CFSAN002050_RS20535_1,232,767
CFSAN002050_RS15885_1,730,2645
CFSAN002050_RS20750_1,1858,5495
CFSAN002050_RS20755_1,188,712
CFSAN002050_RS14700_1,158,490
CFSAN002050_RS14565_1,312,1038
CFSAN002050_RS14560_1,256,788
CFSAN002050_RS20680_1,430,1667
CFSAN002050_RS20685_1,343,1295
CFSAN002050_RS18645_1,510,1776
CFSAN002050_RS14520_1,429,1353
CFSAN002050_RS15320_1,486,1773
CFSAN002050_RS15865_1,965,3382
CFSAN002050_RS14600_1,1182,4047
CFSAN002050_RS15840_1,521,2170
CFSAN002050_RS15845_1,439,1775
CFSAN002050_RS14670_1,113,472
CFSAN002050_RS14570_1,249,768
CFSAN002050_RS14540_1,367,1433
CFSAN002050_RS20500_1,680,2119
CFSAN002050_RS20505_1,704,2257
CFSAN002050_RS20520_1,476,1468
CFSAN002050_RS20525_1,257,841
CFSAN002050_RS14785_1,889,3053
CFSAN002050_RS20720_1,242,766
CFSAN002050_RS15445_1,657,2376
CFSAN002050_RS20700_1,307,1016
CFSAN002050_RS20705_1,692,2008
CFSAN002050_RS20765_1,742,2192
CFSAN002050_RS20745_1,320,1057
CFSAN002050_RS20740_1,255,807
CFSAN002050_RS14555_1,536,1579
CFSAN002050_RS20480_1,658,2348
CFSAN002050_RS20485_1,1158,3774
CFSAN002050_RS14575_1,233,748
CFSAN002050_RS14525_1,137,502
CFSAN002050_RS16130_1,204,903
CFSAN002050_RS14765_1,213,867
CFSAN002050_RS20690_1,724,2435
CFSAN002050_RS14535_1,2344,7529
CFSAN002050_RS20650_1,197,856
CFSAN002050_RS16090_1,298,1196
CFSAN002050_RS20510_1,230,814
CFSAN002050_RS20515_1,443,1366
CFSAN002050_RS20885_1,459,1260
CFSAN002050_RS20940_1,499,1643
CFSAN002050_RS20965_1,1223,3862
CFSAN002050_RS20770_1,326,988
CFSAN002050_RS24290_1,285,993
CFSAN002050_RS20905_1,609,1668
CFSAN002050_RS20825_1,285,822
CFSAN002050_RS24210_1,831,2868
CFSAN002050_RS24235_1,565,2369
CFSAN002050_RS24255_1,599,2020
CFSAN002050_RS24250_1,1135,4220
CFSAN002050_RS24275_1,336,1203
CFSAN002050_RS24270_1,994,3542
CFSAN002050_RS20880_1,354,1113
CFSAN002050_RS20830_1,1087,3413
CFSAN002050_RS20835_1,762,2091
CFSAN002050_RS20810_1,274,860
CFSAN002050_RS21025_1,1610,5374
CFSAN002050_RS20785_1,246,771
CFSAN002050_RS20870_1,590,1687
CFSAN002050_RS20945_1,889,2828
CFSAN002050_RS20855_1,179,550
CFSAN002050_RS20800_1,309,888
CFSAN002050_RS20950_1,173,574
CFSAN002050_RS20890_1,419,1183
CFSAN002050_RS20975_1,625,2003
CFSAN002050_RS24285_1,358,1307
CFSAN002050_RS20850_1,316,845
CFSAN002050_RS20915_1,286,1028
CFSAN002050_RS20935_1,387,1278
CFSAN002050_RS24215_1,143,523
CFSAN002050_RS20960_1,515,1618
CFSAN002050_RS20860_1,274,770
CFSAN002050_RS24200_1,558,2079
CFSAN002050_RS24205_1,334,1232
CFSAN002050_RS21010_1,1462,5126
CFSAN002050_RS20910_1,535,1463
CFSAN002050_RS24225_1,678,2706
CFSAN002050_RS24295_1,323,1036
CFSAN002050_RS23790_1,616,2489
CFSAN002050_RS24245_1,545,2074
CFSAN002050_RS24240_1,231,903
CFSAN002050_RS24260_1,2019,7548
CFSAN002050_RS20900_1,518,1651
CFSAN002050_RS20795_1,719,2260
CFSAN002050_RS20865_1,251,793
CFSAN002050_RS21015_1,464,1390
CFSAN002050_RS24300_1,426,1491
CFSAN002050_RS20845_1,279,792
CFSAN002050_RS24495_1,820,2663
CFSAN002050_RS24400_1,126,477
CFSAN002050_RS24345_1,681,2172
CFSAN002050_RS24340_1,1722,6324
CFSAN002050_RS24505_1,483,1614
CFSAN002050_RS24490_1,682,2306
CFSAN002050_RS24410_1,553,1949
CFSAN002050_RS24365_1,292,1094
CFSAN002050_RS24485_1,369,1233
CFSAN002050_RS24465_1,233,640
CFSAN002050_RS24500_1,546,1920
CFSAN002050_RS24645_1,390,1437
CFSAN002050_RS24560_1,1701,5562
CFSAN002050_RS24415_1,508,1814
CFSAN002050_RS24610_1,1725,5529
CFSAN002050_RS24605_1,175,581
CFSAN002050_RS24475_1,266,805
CFSAN002050_RS24620_1,195,696
CFSAN002050_RS24625_1,802,2744
CFSAN002050_RS24455_1,719,2449
CFSAN002050_RS24450_1,1713,5658
CFSAN002050_RS24330_1,643,2372
CFSAN002050_RS24335_1,807,2955
CFSAN002050_RS24315_1,544,1967
CFSAN002050_RS24310_1,612,2232
CFSAN002050_RS24575_1,551,1735
CFSAN002050_RS24680_1,538,1838
CFSAN002050_RS24350_1,594,2061
CFSAN002050_RS24355_1,288,1161
CFSAN002050_RS24670_1,223,758
CFSAN002050_RS24580_1,510,1785
CFSAN002050_RS24370_1,910,2906
CFSAN002050_RS24480_1,227,718
CFSAN002050_RS24650_1,890,2863
CFSAN002050_RS24405_1,458,1693
CFSAN002050_RS24640_1,155,619
CFSAN002050_RS24380_1,201,753
CFSAN002050_RS24385_1,252,810
CFSAN002050_RS24675_1,177,597
CFSAN002050_RS24615_1,313,1100
CFSAN002050_RS24440_1,190,656
CFSAN002050_RS24430_1,100,431
CFSAN002050_RS24585_1,365,1210
CFSAN002050_RS24635_1,283,1004
CFSAN002050_RS24320_1,353,1213
CFSAN002050_RS24390_1,581,2047
CFSAN002050_RS24755_1,341,1135
CFSAN002050_RS24750_1,206,730
CFSAN002050_RS24985_1,398,1438
CFSAN002050_RS24690_1,1680,5475
CFSAN002050_RS24735_1,612,2070
CFSAN002050_RS24880_1,260,802
CFSAN002050_RS24885_1,494,1702
CFSAN002050_RS24685_1,277,1073
CFSAN002050_RS24900_1,723,2607
CFSAN002050_RS24905_1,1388,4867
CFSAN002050_RS24695_1,160,560
CFSAN002050_RS24925_1,525,1878
CFSAN002050_RS24740_1,143,541
CFSAN002050_RS24920_1,301,1157
CFSAN002050_RS24790_1,358,1208
CFSAN002050_RS24940_1,983,3265
CFSAN002050_RS24890_1,826,2720
CFSAN002050_RS24975_1,282,897
CFSAN002050_RS24730_1,743,2596
CFSAN002050_RS24875_1,188,667
CFSAN002050_RS24855_1,278,1036
CFSAN002050_RS24820_1,417,1383
CFSAN002050_RS24835_1,826,2729
CFSAN002050_RS24725_1,539,1819
CFSAN002050_RS24815_1,233,820
CFSAN002050_RS24780_1,196,650
CFSAN002050_RS24765_1,143,532
CFSAN002050_RS24990_1,535,1814
CFSAN002050_RS24710_1,353,1249
CFSAN002050_RS24715_1,412,1415
CFSAN002050_RS24745_1,211,752
CFSAN002050_RS24970_1,521,1729
CFSAN002050_RS24895_1,427,1562
CFSAN002050_RS24700_1,195,741
CFSAN002050_RS24965_1,354,1266
CFSAN002050_RS24910_1,2100,7341
CFSAN002050_RS24915_1,449,1765
CFSAN002050_RS24935_1,662,2479
CFSAN002050_RS24930_1,345,1194
CFSAN002050_RS24785_1,428,1390
CFSAN002050_RS24860_1,365,1246
CFSAN002050_RS24845_1,474,1632
CFSAN002050_RS24840_1,194,652
CFSAN002050_RS24810_1,151,461
CFSAN002050_RS24825_1,649,2186
CFSAN002050_RS24805_1,208,755
CFSAN002050_RS24770_1,132,471
CFSAN002050_RS24775_1,218,718
CFSAN002050_RS24865_1,236,871
CFSAN002050_RS25000_1,300,1005
CFSAN002050_RS25075_1,160,614
CFSAN002050_RS25220_1,950,3001
CFSAN002050_RS25085_1,335,1213
CFSAN002050_RS25150_1,334,1097
CFSAN002050_RS25155_1,1000,3050
CFSAN002050_RS25205_1,1678,4973
CFSAN002050_RS25115_1,554,1903
CFSAN002050_RS25345_1,382,1337
CFSAN002050_RS25285_1,149,580
CFSAN002050_RS25280_1,1090,3536
CFSAN002050_RS25005_1,135,477
CFSAN002050_RS25240_1,410,1336
CFSAN002050_RS25055_1,175,653
CFSAN002050_RS25245_1,1044,3231
CFSAN002050_RS25265_1,751,2282
CFSAN002050_RS25190_1,181,665
CFSAN002050_RS25035_1,202,752
CFSAN002050_RS25010_1,402,1425
CFSAN002050_RS25015_1,226,836
CFSAN002050_RS24995_1,848,2932
CFSAN002050_RS25225_1,507,1491
CFSAN002050_RS25275_1,560,1708
CFSAN002050_RS25090_1,954,3330
CFSAN002050_RS25095_1,100,404
CFSAN002050_RS25145_1,1068,3792
CFSAN002050_RS25160_1,472,1535
CFSAN002050_RS25030_1,293,1183
CFSAN002050_RS25105_1,149,463
CFSAN002050_RS25375_1,821,2581
CFSAN002050_RS25350_1,850,2867
CFSAN002050_RS25200_1,568,1691
CFSAN002050_RS25340_1,694,2078
CFSAN002050_RS25295_1,1107,3690
CFSAN002050_RS25060_1,140,454
CFSAN002050_RS25065_1,180,684
CFSAN002050_RS25290_1,649,2060
CFSAN002050_RS25270_1,640,1943
CFSAN002050_RS25185_1,228,762
CFSAN002050_RS25080_1,575,2116
CFSAN002050_RS25215_1,257,886
CFSAN002050_RS25210_1,358,1064
CFSAN002050_RS25025_1,374,1174
CFSAN002050_RS25230_1,1026,2952
CFSAN002050_RS25235_1,837,2583
CFSAN002050_RS25580_1,847,2582
CFSAN002050_RS25585_1,525,1797
CFSAN002050_RS25610_1,474,1443
CFSAN002050_RS25615_1,429,1497
CFSAN002050_RS25690_1,163,665
CFSAN002050_RS25635_1,990,3510
CFSAN002050_RS25630_1,1167,3747
CFSAN002050_RS25525_1,119,457
CFSAN002050_RS25675_1,351,1260
CFSAN002050_RS25500_1,951,3216
CFSAN002050_RS25505_1,375,1119
CFSAN002050_RS25520_1,220,806
CFSAN002050_RS25545_1,396,1332
CFSAN002050_RS25540_1,860,2866
CFSAN002050_RS25480_1,280,953
CFSAN002050_RS25565_1,828,2646
CFSAN002050_RS25530_1,166,680
CFSAN002050_RS25425_1,253,890
CFSAN002050_RS25465_1,204,723
CFSAN002050_RS25445_1,283,932
CFSAN002050_RS25470_1,289,989
CFSAN002050_RS25550_1,422,1315
CFSAN002050_RS25590_1,784,2456
CFSAN002050_RS25595_1,678,2193
CFSAN002050_RS25600_1,872,2755
CFSAN002050_RS25605_1,345,1059
CFSAN002050_RS25460_1,582,1992
CFSAN002050_RS25620_1,479,1438
CFSAN002050_RS25625_1,735,2388
CFSAN002050_RS25645_1,130,509
CFSAN002050_RS25640_1,710,2539
CFSAN002050_RS25705_1,476,1738
CFSAN002050_RS25665_1,655,2234
CFSAN002050_RS25510_1,426,1518
CFSAN002050_RS25515_1,272,907
CFSAN002050_RS25455_1,147,465
CFSAN002050_RS25680_1,176,598
CFSAN002050_RS25685_1,410,1363
CFSAN002050_RS25555_1,752,2371
CFSAN002050_RS25575_1,741,2436
CFSAN002050_RS25570_1,410,1336
CFSAN002069_RS20855_1,887,2992
CFSAN002050_RS25430_1,436,1562
CFSAN002050_RS25670_1,257,895
DT104_RS20160_1,422,1468
DT104_RS19985_1,155,583
DT104_RS20065_1,1660,5972
DT104_RS20060_1,1341,4437
DT104_RS19970_1,802,2852
DT104_RS19975_1,252,855
DT104_RS20045_1,131,427
DT104_RS20040_1,169,641
DT104_RS19990_1,1818,6462
DT104_RS20020_1,2350,7865
DT104_RS20030_1,574,2000
DT104_RS20035_1,256,932
DT104_RS20000_1,408,1428
DT104_RS20005_1,145,521
EL48_RS06365_1,159,579
DT104_RS20050_1,616,2003
DT104_RS19980_1,636,2226
DT104_RS09810_1,129,456
DT104_RS20015_1,163,602
DT104_RS20010_1,209,664
F482_gp47_1,287,973
epsilon34_gp43_1,257,832
epsilon34_gp44_1,208,728
epsilon34_gp67_1,100,359
FORC20_RS19585_1,1169,4249
epsilon34_gp51_1,70,254
F482_gp19_1,200,781
epsilon34_gp49_1,114,372
FORC20_RS19600_1,1081,3428
FORC20_RS19595_1,1959,6618
FORC20_RS19590_1,732,2355
F482_gp66_1,216,729
F482_gp69_1,143,478
F482_gp65_1,124,380
HCM1.198c_1,300,1122
HCM1.03c_1,224,748
HCM1.142c_1,336,1095
HCM1.184c_1,148,464
HCM1.161_1,145,494
HCM1.146_1,143,469
HCM1.124_1,176,634
HCM1.125_1,428,1345
HCM1.126_1,183,591
HCM1.127_1,373,1238
HCM1.120_1,583,2225
HCM1.121_1,647,2116
HCM1.122_1,596,2212
HCM1.102_1,661,2300
HCM1.103_1,1419,4701
HCM1.10c_1,145,476
HCM1.144_1,146,457
HCM1.203_1,450,1971
HCM1.183_1,803,2860
HCM1.179c_1,171,648
HCM1.141ac_1,99,333
HCM1.104c_1,176,589
FORC7_RS00555_1,317,1231
FORC7_RS00550_1,357,1290
HCM1.199c_1,215,865
HCM1.123_1,627,2244
HCM1.189_1,643,2156
HCM1.182_1,227,826
HCM1.162c_1,539,1756
HCM1.180c_1,465,1542
HCM1.176_1,282,978
HCM1.128_1,301,1067
HCM1.15c.1N_1,350,1324
HCM1.08_1,222,768
HCM1.131_1,667,2213
HCM1.130_1,196,641
HCM1.110_1,597,2364
HCM1.112_1,163,647
HCM1.186c_1,105,408
HCM1.196_1,256,905
HCM1.192_1,193,707
HCM1.134c_1,795,2751
HCM1.46_1,503,1612
HCM1.45_1,251,829
HCM1.22c_1,284,859
HCM1.256c_1,298,971
HCM1.20c_1,348,1128
HCM1.25c_1,227,835
HCM1.24c_1,217,746
HCM1.246c_1,195,768
HCM1.72_1,289,1034
HCM1.23c_1,167,688
HCM1.74_1,333,1206
HCM1.51_1,213,678
HCM1.59_1,552,1923
HCM1.281c_1,289,1025
HCM1.279ac_1,168,543
HCM1.279c_1,201,744
HCM1.55ac_1,146,466
HCM1.95_1,293,1012
HCM1.96_1,388,1304
HCM1.33c_1,335,1204
HCM1.93_1,432,1602
HCM1.43a_1,87,282
HCM1.61c_1,466,1658
HCM1.49c_1,1702,5453
HCM1.251c_1,438,1407
HCM1.257c_1,274,905
HCM1.90c_1,580,1940
HCM1.273_1,725,2596
HCM2.0009c_1,197,604
HCM2.0011c_1,741,2346
HCM1.36c_1,236,763
HCM2.0003c_1,167,661
HCM2.0006c_1,578,1951
HCM1.243_1,393,1488
HCM1.279bc_1,151,560
HCM1.42_1,546,1785
HCM1.43_1,554,1777
HCM1.41_1,251,730
HCM1.44_1,223,803
HCM1.40c_1,310,1094
HCM1.34c_1,537,1884
HCM2.0004c_1,262,971
HCM1.54_1,614,2032
HCM1.62c_1,125,478
HCM2.0010c_1,604,2231
HCM1.38c_1,827,2719
HCM1.60c_1,569,1897
HCM1.250c_1,223,830
HCM2.0073c_1,637,2063
HCM2.0058c_1,189,621
HCM2.0075c_1,453,1464
HCM2.0022_1,323,1153
HCM2.0077c_1,468,1629
HCM2.0054c_1,528,1866
HCM2.0027c_1,348,1317
HCM2.0085c_1,317,1132
HCM2.0087c_1,269,910
HCM2.0080_1,325,944
HCM2.0083_1,415,1538
HCM2.0082_1,208,719
HCM2.0064c_1,588,1914
HCM2.0039_1,672,2487
HCM2.0062c_1,340,1082
HCM2.0025c_1,141,471
HCM2.0012_1,282,1014
HCM2.0035c_1,872,3097
HCM2.0029c_1,464,1723
HCM2.0041c_1,920,3103
HCM2.0089c_1,177,768
HCM2.0056c_1,221,787
HCM2.0074c_1,168,597
HCM2.0045c_1,232,848
HCM2.0068c_1,618,2073
HCM2.0049c_1,507,1572
HCM2.0070c_1,856,2915
HCM2.0078_1,1091,3589
HCM2.0072c_1,193,608
HCM2.0057c_1,3314,10438
HCM2.0013_1,353,1420
HCM2.0019_1,276,885
HCM2.0076c_1,467,1540
HCM2.0059c_1,215,739
HCM2.0061c_1,261,891
HCM2.0065c_1,308,997
HCM2.0063c_1,245,790
HCM2.0034c_1,115,416
HCM2.0079_1,182,655
HCM2.0088c_1,218,718
HCM2.0016c_1,873,2835
HCM2.0044c_1,457,1811
HCM2.0066c_1,698,2074
HCM2.0046c_1,447,1551
HCM2.0069c_1,1016,3709
HCM2.0043_1,693,2475
HCM2.0047_1,377,1279
HCM2.0071c_1,437,1489
HCM2.0052c_1,3054,10113
HCM2.0116c_1,473,1462
HCM2.0098c_1,217,719
HCM2.0114c_1,378,1296
HCM2.0104c_1,1127,3985
HCM2.0130c_1,447,1488
HCM2.0126c_1,165,546
HCM2.0118c_1,302,940
IA1_RS05020_1,211,770
I137_RS13580_1,299,1294
IA1_RS01610_1,227,1051
IA1_RS22040_1,231,885
I137_RS13650_1,384,1452
IA1_RS22020_1,395,1711
HCM2.0124c_1,509,1732
IA1_RS22045_1,99,441
HCM2.0122c_1,1616,5332
HCM2.0097c_1,192,672
HCM2.0093c_1,764,2809
I137_RS13540_1,290,925
I137_RS13545_1,248,940
HCM2.0101c_1,258,858
HCM2.111c_1,147,546
HCM2.0091c_1,139,509
IA1_RS01595_1,251,1009
HCM2.0113c_1,626,2155
HCM2.0117c_1,334,1097
HCM2.0115c_1,307,953
IA1_RS22015_1,257,1030
HCM2.0119c_1,775,2573
HCM2.0096_1,143,469
HCM2.0092_1,160,578
HCM2.0107c_1,132,435
HCM2.0129c_1,329,1156
I137_RS13645_1,449,1648
HCM2.0127c_1,750,2508
IA1_RS22010_1,212,949
HCM2.0125c_1,1353,4398
HCM2.0123c_1,397,1313
I137_RS13720_1,763,2918
IA1_RS22060_1,806,3019
IA1_RS22635_1,403,1424
IZ85_RS23300_1,451,1925
IA1_RS22070_1,467,1693
IA1_RS22050_1,530,2197
N898_RS11340_1,182,529
N898_RS06040_1,206,685
N898_RS08400_1,667,2294
N898_RS06035_1,132,534
N898_RS09245_1,667,2537
N898_RS05670_1,1010,3670
N898_RS19305_1,215,685
NCTC10384_00647_1,98,370
NCTC10384_02803_1,107,370
NCTC10705_04690_1,193,608
NCTC10384_00325_1,994,3677
NCTC10384_04109_1,109,440
NCTC12416_02968_1,61,236
NCTC10384_01622_1,78,237
NCTC10384_04005_1,81,297
NCTC10384_01962_1,66,240
NCTC10384_02816_1,251,1027
NCTC12417_04734_1,266,850
NCTC12417_04718_1,148,464
NCTC12419_02626_1,58,266
NCTC12420_01701_1,98,388
NCTC12420_02534_1,357,1254
NCTC12420_04781_1,314,1009
NCTC12420_04779_1,583,2018
NCTC129_04052_1,55,233
NCTC12709_01876_1,152,577
NCTC129_02925_1,270,801
NCTC13175_00199_1,829,2654
NCTC13175_00198_1,938,3049
NCTC12709_01880_1,278,1027
NCTC129_04209_1,138,510
NCTC129_04204_1,114,327
NCTC12709_03774_1,76,311
NCTC129_02923_1,271,935
NCTC12709_03468_1,64,215
NCTC13349_02398_1,118,395
NCTC4840_01802_1,445,1796
NCTC4840_00125_1,86,211
NCTC4840_02946_1,147,582
NCTC13347_05009_1,390,1383
NCTC13175_00200_1,635,2065
NCTC4840_01801_1,712,2834
NCTC4444_02791_1,44,226
NCTC13349_02404_1,75,348
NCTC13175_00201_1,502,1460
NCTC4840_00230_1,397,1610
NCTC13349_02405_1,67,284
NCTC4444_04576_1,1603,5129
NCTC4444_03903_1,88,317
NCTC4840_02617_1,298,1070
NCTC4444_03941_1,147,411
NCTC4840_00715_1,438,1767
NCTC4840_00714_1,171,576
NCTC4840_00716_1,99,333
NCTC13348_04981_1,76,266
NCTC4444_04575_1,850,2507
NCTC4444_04577_1,628,2072
NCTC13348_04920_1,106,371
NCTC4840_00713_1,144,549
NCTC4444_04578_1,173,700
NCTC4840_03911_1,819,3231
NCTC5743_01085_1,131,481
NCTC5742_02785_1,616,2138
NCTC5750_04474_1,128,493
NCTC5722_00746_1,273,1032
NCTC5742_01317_1,467,1630
NCTC5722_03971_1,706,2876
NCTC5722_03973_1,225,819
NCTC5722_00093_1,111,411
NCTC5773_00649_1,187,650
NCTC5773_00650_1,255,843
NCTC5793_00654_1,121,356
NCTC5793_02225_1,504,1845
NCTC5798_03225_1,1989,7767
NCTC5798_03224_1,432,1440
NCTC5798_04791_1,114,399
NCTC5798_04447_1,139,428
NCTC5798_03421_1,168,633
NCTC5798_04789_1,113,373
NCTC6024_00749_1,602,1918
NCTC6024_00812_1,583,1820
NCTC6024_00778_1,190,629
NCTC6024_00819_1,322,1163
NCTC6024_00777_1,366,1200
NCTC6024_00757_1,163,512
NCTC6017_03518_1,124,425
NCTC6024_00763_1,140,436
NCTC6245_01112_1,371,1447
NCTC6024_03669_1,115,443
NCTC6086_01907_1,59,247
NCTC6245_01111_1,572,2110
NCTC6024_03639_1,137,520
NCTC6385_00007_1,361,1322
NCTC6385_00006_1,415,1646
NCTC6245_04615_1,204,669
NCTC6759_01122_1,3269,11608
NCTC6759_01123_1,1063,3581
NCTC6759_01779_1,59,229
NCTC7102_00791_1,233,793
NCTC6759_04113_1,57,258
NCTC6802_03931_1,1097,3664
NCTC6759_04078_1,237,870
NCTC7102_00781_1,219,762
NCTC6759_04027_1,212,616
NCTC6802_03509_1,492,1902
NCTC7102_00772_1,1378,4022
NCTC7102_00777_1,565,1658
NCTC7295_01049_1,544,2030
NCTC7295_01050_1,390,1590
NCTC7295_02073_1,95,328
NCTC7295_01800_1,148,536
NCTC7102_02807_1,73,260
NCTC7295_02214_1,579,1860
NCTC7295_01720_1,208,620
NCTC7295_01725_1,246,843
NCTC7295_03535_1,256,941
NCTC7295_02919_1,160,506
NCTC7295_02950_1,98,289
NCTC7295_03594_1,278,919
NCTC7295_04200_1,88,353
NCTC7299_00702_1,370,1502
NCTC7297_03583_1,63,261
NCTC7299_00073_1,534,2067
NCTC7299_00697_1,804,2823
NCTC7299_00696_1,443,1510
NCTC7299_04635_1,152,514
NCTC7299_04634_1,196,722
NCTC7300_00298_1,167,571
NCTC7300_04539_1,126,369
NCTC7300_02355_1,98,352
NCTC7300_02528_1,148,482
NCTC7303_03310_1,107,415
NCTC7303_01059_1,245,952
NCTC7303_01056_1,754,3062
NCTC7304_01804_1,171,648
NCTC7304_01805_1,128,466
NCTC7308_01783_1,102,438
NCTC7318_01587_1,503,1900
NCTC7318_03497_1,144,540
NCTC7318_03500_1,148,455
NCTC7318_04211_1,241,866
NCTC7349_03107_1,157,482
NCTC7349_03108_1,453,1635
NCTC7404_03884_1,633,2103
NCTC7404_03878_1,516,1878
NCTC7404_03862_1,509,1867
NCTC7406_03476_1,239,868
NCTC7406_03012_1,309,1095
NCTC7411_00726_1,181,575
NCTC7411_03196_1,151,542
NCTC7832_01289_1,779,2479
NCTC7831_02433_1,313,1181
NCTC7831_02530_1,164,628
NCTC7832_01290_1,628,2126
NCTC7836_00114_1,404,1477
NCTC7832_04555_1,382,1247
NCTC7832_03928_1,2169,7281
NCTC7832_01715_1,274,1067
NCTC7832_01295_1,1107,3357
NCTC7832_03930_1,850,2840
NCTC7832_01303_1,829,2420
NCTC7832_01301_1,431,1351
NCTC7832_01300_1,836,2584
NCTC7832_03929_1,1235,4156
NCTC7832_01711_1,665,2404
NCTC7832_03259_1,764,2728
NCTC7832_01716_1,912,3273
NCTC7832_01717_1,470,1825
NCTC7832_01712_1,629,2377
NCTC7832_01294_1,142,479
NCTC7832_03932_1,1169,3943
NCTC7832_03933_1,439,1559
NCTC7832_03936_1,2115,8019
NCTC7836_00005_1,76,248
NCTC7832_01297_1,323,982
NCTC7836_03898_1,104,346
NCTC7836_03897_1,155,547
NCTC8256_01515_1,309,1131
NCTC8256_03304_1,167,625
NCTC8256_03308_1,109,422
NCTC8256_03277_1,200,691
NCTC8261_01673_1,257,1093
NCTC8261_01674_1,935,3403
NCTC8261_01675_1,842,3289
NCTC8261_01676_1,571,2201
NCTC8258_02627_1,155,511
NCTC8261_01174_1,365,1192
NCTC8258_04998_1,847,2906
NCTC8261_01677_1,734,2767
NCTC8261_01681_1,719,2656
NCTC8261_01680_1,539,2143
NCTC8261_01900_1,159,624
NCTC8258_04990_1,138,465
NCTC8258_04989_1,126,441
NCTC8258_04980_1,165,519
NCTC8270_02986_1,169,560
NCTC8261_03272_1,758,2653
NCTC8261_03271_1,988,3377
NCTC8267_00196_1,398,1303
NCTC8267_02797_1,259,992
NCTC8270_03032_1,119,466
NCTC8270_03030_1,188,667
NCTC8270_02999_1,533,1762
NCTC8270_04963_1,392,1642
NCTC8272_00610_1,475,1892
NCTC8272_00325_1,1164,4146
NCTC8270_03028_1,635,2119
NCTC8272_00607_1,509,2074
NCTC8270_03002_1,83,250
NCTC8270_03001_1,393,1137
NCTC8270_03007_1,231,705
NCTC8270_03010_1,296,847
NCTC8271_02671_1,130,419
NCTC8270_02996_1,379,1232
NCTC8270_04903_1,279,963
NCTC8272_02313_1,254,871
NCTC8272_02310_1,909,3474
NCTC8272_04466_1,311,1237
NCTC8272_04467_1,696,2580
NCTC8272_02309_1,501,2118
NCTC8272_02445_1,1127,4057
NCTC8273_03601_1,170,649
NCTC8273_02059_1,123,408
NCTC8273_01893_1,62,244
NCTC8496_03974_1,186,651
NCTC92_04131_1,1447,4979
NCTC9606_03791_1,68,256
NCTC9868_04512_1,1530,5058
NCTC9868_04515_1,67,266
NCTC9868_04514_1,386,1576
NCTC9868_04294_1,68,283
NCTC9868_04517_1,337,1211
NCTC9868_04579_1,176,625
NCTC9868_04520_1,406,1151
NCTC9868_04528_1,144,486
NCTC9868_04516_1,203,679
NCTC9868_04583_1,347,1444
QX44_RS06020_1,2204,7651
QX44_RS04365_1,538,1964
QX44_RS04330_1,319,1076
QX44_RS05990_1,1093,3920
PSLT027_1,140,517
PSLT028_1,219,699
PSLT029_1,223,650
QX44_RS06025_1,441,1611
PSLT005_1,46,188
PSLT060_1,152,514
QX44_RS05995_1,1625,5989
QX44_RS05985_1,979,3593
QX44_RS06000_1,339,1173
QX44_RS12200_1,153,657
QX44_RS11285_1,1008,3429
QX44_RS10360_1,247,797
QX44_RS10365_1,149,517
QX44_RS10600_1,153,585
QX44_RS12105_1,1114,4187
QX44_RS10340_1,391,1193
QX44_RS10420_1,241,848
QX44_RS10410_1,253,908
QX44_RS10415_1,274,914
QX44_RS06130_1,329,1111
QX44_RS10465_1,166,635
QX44_RS06115_1,2252,7117
QX44_RS10580_1,149,499
QX44_RS10390_1,219,915
QX44_RS06095_1,2643,7959
QX44_RS09205_1,387,1242
QX44_RS09190_1,625,2399
QX44_RS06040_1,426,1437
QX44_RS06055_1,441,1710
QX44_RS06050_1,395,1360
QX44_RS10500_1,109,431
QX44_RS10505_1,209,808
QX44_RS06070_1,1715,5746
QX44_RS12210_1,199,737
QX44_RS10375_1,195,759
QX44_RS10675_1,508,1895
QX44_RS11300_1,259,956
QX44_RS06120_1,1010,3292
QX44_RS10430_1,286,920
QX44_RS10695_1,595,2456
QX44_RS11995_1,586,1916
QX44_RS06100_1,556,1784
QX44_RS06105_1,526,1985
QX44_RS12190_1,532,2060
QX44_RS12195_1,279,1008
QX44_RS10455_1,654,2127
QX44_RS10350_1,484,1631
QX44_RS06080_1,454,1373
QX44_RS09210_1,203,643
QX44_RS06065_1,701,2224
QX44_RS06060_1,458,1495
QX44_RS10555_1,155,646
QX44_RS10325_1,930,2967
QX44_RS12220_1,536,2074
QX44_RS16335_1,1220,4234
QX44_RS16330_1,624,2067
QX44_RS16315_1,489,1554
QX44_RS16375_1,233,829
QX44_RS16425_1,560,1969
QX44_RS16420_1,1357,5015
QX44_RS16350_1,131,463
QX44_RS16405_1,1251,4230
QX44_RS20790_1,1915,6428
QX44_RS16395_1,285,1011
QX44_RS20805_1,2177,7264
QX44_RS20820_1,365,1273
QX44_RS12215_1,256,896
QX44_RS20800_1,662,2038
QX44_RS16345_1,533,1681
QX44_RS22620_1,528,1857
QX44_RS20575_1,497,1843
QX44_RS16325_1,279,864
QX44_RS16320_1,688,2102
QX44_RS16305_1,240,1065
QX44_RS20580_1,685,2231
QX44_RS20795_1,1736,5617
QX44_RS16360_1,306,1017
QX44_RS16365_1,2350,7091
QX44_RS16340_1,294,1056
QX44_RS20780_1,836,2917
QX44_RS20785_1,752,2632
QX44_RS16415_1,920,3427
QX44_RS16410_1,210,690
QX44_RS21485_1,198,657
QX44_RS20815_1,3119,10435
QX44_RS20810_1,494,1711
QX44_RS16380_1,988,3170
SAL_AA9973AA_02859_1,464,1498
SAL_AA9973AA_02858_1,319,1085
SAL_BA1545AA_04188_1,1040,4036
SAL_BA2175AA_01229_1,173,493
SAL_BA2175AA_01240_1,874,2816
SAL_BA1835AA_00615_1,513,2151
SAL_BA1835AA_00614_1,675,2691
SAL_BA2175AA_01242_1,633,2247
SAL_BA1835AA_02059_1,473,1624
SAL_BA1835AA_02061_1,1184,4558
SAL_BA3037AA_03915_1,546,2109
SAL_BA2520AA_02205_1,151,497
SAL_BA2520AA_02191_1,2925,9819
SAL_BA3037AA_03914_1,911,3589
SAL_BA2520AA_02192_1,799,2576
SAL_BA2520AA_02198_1,253,836
SAL_BA2520AA_01049_1,682,2621
SAL_BA2520AA_01187_1,734,2839
SAL_BA2736AA_00482_1,426,1590
SAL_BA2736AA_00511_1,133,497
SAL_BA3408AA_03933_1,155,484
SAL_BA3408AA_03936_1,184,608
SAL_BA3408AA_03934_1,199,845
SAL_BA4710AA_00386_1,249,948
SAL_BA4710AA_00376_1,163,656
SAL_BA5449AA_02450_1,177,615
SAL_BA5449AA_02451_1,810,2880
SAL_BA5522AA_03384_1,379,1223
SAL_BA5522AA_03383_1,129,528
SAL_BA5522AA_03385_1,1057,3425
SAL_BA5522AA_03386_1,293,931
SAL_BA5522AA_03387_1,875,2932
SAL_BA5522AA_03380_1,215,865
SAL_BA5522AA_03389_1,1910,6892
SAL_BA5522AA_03388_1,322,1019
SAL_BA5522AA_03390_1,909,3105
SAL_BA6565AA_01483_1,279,1134
SAL_BA6565AA_03918_1,533,1942
SAL_BA6565AA_03912_1,704,2608
SAL_BA6565AA_03913_1,808,2963
SAL_BA6565AA_03910_1,244,944
SAL_BA6565AA_03916_1,390,1662
SAL_BA6565AA_03126_1,1061,3925
SAL_BA6565AA_03911_1,308,1087
SAL_BA6565AA_03915_1,529,2099
SAL_BA7386AA_02131_1,153,558
SAL_BA8155AA_01321_1,432,1728
SAL_CA1431AA_01101_1,153,549
SAL_CA1431AA_03910_1,431,1234
SAL_CA2727AA_02269_1,502,1658
SAL_CA2727AA_02272_1,672,2496
SAL_CA2727AA_02276_1,296,1063
SAL_CA2727AA_02275_1,881,2935
SAL_CA2727AA_02271_1,1129,3875
SAL_CA2727AA_02273_1,786,2589
SAL_CA2727AA_02270_1,685,2222
SAL_CA2727AA_02279_1,871,3170
SAL_CA2727AA_02267_1,619,2144
SAL_CA2727AA_02281_1,931,3101
SAL_CA2727AA_02387_1,336,1149
SAL_CA2727AA_02392_1,605,2077
SAL_CA2727AA_02386_1,1161,3816
SAL_CA2727AA_02393_1,225,783
SAL_CA2727AA_02394_1,341,1297
SAL_CA2727AA_02391_1,158,526
SAL_CA3076AA_01856_1,308,1141
SAL_CA3076AA_01892_1,192,681
SAL_CA3755AA_02246_1,614,2410
SAL_CA3755AA_02245_1,647,2413
SAL_CA3755AA_03596_1,577,2141
SAL_CA4218AA_00075_1,136,467
SAL_CA4342AA_00178_1,324,1188
SAL_CA4877AA_00807_1,771,2514
SAL_CA4877AA_01024_1,323,1063
SAL_CA4905AA_01281_1,798,2784
SAL_CA4886AA_01742_1,310,1121
SAL_CA4886AA_01740_1,384,1200
SAL_CA6391AA_01311_1,160,596
SAL_CA6391AA_01308_1,201,663
SAL_CA6391AA_01310_1,187,515
SAL_CA6391AA_01309_1,1180,3959
SAL_CA7205AA_01461_1,444,1509
SAL_CA7205AA_01460_1,275,913
SAL_CA7205AA_01463_1,1048,3461
SAL_CA7205AA_01462_1,254,862
SAL_CA7205AA_01457_1,5711,18985
SAL_CA7205AA_01458_1,865,3122
SAL_CA7205AA_01459_1,173,583
SAL_CA7205AA_01477_1,1445,4999
SAL_CA7205AA_01464_1,1160,3736
SAL_CA7205AA_01468_1,425,1510
SAL_CA7205AA_01473_1,300,1059
SAL_CA7205AA_01476_1,671,2317
SAL_CA7205AA_01472_1,409,1283
SAL_CA7205AA_01471_1,455,1507
SAL_CA7205AA_01474_1,318,924
SAL_CA7205AA_01475_1,820,2825
SAL_CA7205AA_01478_1,1151,3988
SAL_CA8200AA_00670_1,612,2106
SAL_CA8863AA_03582_1,661,2462
SAL_DA0077AA_01040_1,408,1410
SAL_DA0077AA_01042_1,313,1082
SAL_DA0313AA_03318_1,218,727
SAL_DA0313AA_01457_1,239,877
SAL_DA0313AA_01453_1,493,1541
SAL_DA0431AA_00363_1,536,1966
SAL_DA0431AA_00381_1,308,961
SAL_DA0431AA_00640_1,188,685
SAL_DA0431AA_00377_1,152,532
SAL_DA0431AA_00373_1,227,700
SAL_DA0431AA_00598_1,455,1381
SAL_DA0947AA_01254_1,249,876
SAL_DA0947AA_01253_1,260,1018
SAL_DA0947AA_01258_1,335,1186
SAL_DA0947AA_01257_1,519,1911
SAL_DA0947AA_01252_1,184,815
SAL_DA1427AA_01696_1,449,1513
SAL_DA1427AA_00237_1,676,2609
SAL_DA1427AA_00233_1,443,1825
SAL_DA1532AA_03418_1,218,700
SAL_DA1588AA_02029_1,740,2779
SAL_DA1601AA_01774_1,212,796
SAL_DA1844AA_00242_1,1748,6145
SAL_DA1844AA_00240_1,149,562
SAL_DA1844AA_00241_1,466,1658
SAL_DA1844AA_00220_1,141,588
SAL_DA1844AA_00223_1,169,587
SAL_DA1844AA_00224_1,526,1787
SAL_DA1844AA_00228_1,234,810
SAL_DA1844AA_00225_1,258,849
SAL_DA1844AA_00237_1,481,1670
SAL_DA1844AA_00219_1,209,655
SAL_DA1844AA_00236_1,587,2077
SAL_DA1844AA_00235_1,781,2684
SAL_DA1844AA_00233_1,382,1283
SAL_DA1844AA_00232_1,344,1105
SAL_DA1844AA_00243_1,212,733
SAL_DA1844AA_00246_1,532,1691
SAL_DA1844AA_00249_1,214,740
SAL_DA1844AA_00264_1,150,498
SAL_DA1844AA_00268_1,275,994
SAL_DA1844AA_01180_1,331,1253
SAL_DA1844AA_00267_1,198,711
SAL_DA1844AA_00250_1,221,724
SAL_DA1844AA_00254_1,222,759
SAL_DA1844AA_00257_1,141,480
SAL_DA1844AA_00245_1,203,751
SAL_DA3947AA_01623_1,613,2366
SAL_DA3730AA_02180_1,286,911
SAL_DA3947AA_01624_1,917,3358
SAL_DA3730AA_02116_1,234,756
SAL_DA3730AA_02200_1,1099,3401
SAL_DA3730AA_02182_1,596,1672
SAL_DA4185AA_01421_1,149,508
SAL_DA5425AA_03512_1,571,2237
SAL_DA5609AA_00162_1,148,581
SAL_DA5477AA_01700_1,332,1243
SAL_DA5477AA_01697_1,403,1271
SAL_DA5477AA_03026_1,346,1265
SAL_DA5828AA_02165_1,557,2242
SAL_DA5828AA_02164_1,309,1140
SAL_DA6084AA_00494_1,394,1433
SAL_DA6084AA_00495_1,515,1960
SAL_DA6084AA_01842_1,649,2240
SAL_DA6967AA_03426_1,177,570
SAL_DA6967AA_04534_1,190,692
SAL_DA6862AA_03064_1,558,2394
SAL_DA8598AA_01378_1,366,1236
SAL_DA8598AA_01379_1,261,954
SAL_DA9595AA_01383_1,141,498
SAL_DA9595AA_01387_1,363,1302
SAL_DA9649AA_03927_1,144,468
SAL_DA9649AA_01778_1,282,951
SAL_EA0037AA_01461_1,342,1197
SAL_DA9956AA_03117_1,1280,5101
SAL_EA0205AA_02795_1,175,617
SAL_EA0205AA_00027_1,490,1670
SAL_EA0080AA_02681_1,398,1672
SAL_EA0080AA_02684_1,1063,4121
SAL_EA0080AA_02685_1,517,1994
SAL_EA0080AA_02688_1,1039,3947
SAL_EA0080AA_04490_1,158,526
SAL_EA0080AA_02689_1,767,2608
SAL_EA0205AA_00847_1,372,1365
SAL_EA0080AA_04492_1,494,1549
SAL_EA0080AA_02690_1,510,1920
SAL_EA0626AA_00643_1,325,854
SAL_EA0626AA_00583_1,369,1206
SAL_EA0626AA_00584_1,303,948
SAL_EA0626AA_01860_1,280,845
SAL_EA0782AA_00793_1,393,1200
SAL_EA0782AA_00797_1,273,879
SAL_EA0782AA_00670_1,768,3003
SAL_EA0782AA_00671_1,318,1185
SAL_EA0782AA_00783_1,328,1391
SAL_EA0782AA_00780_1,424,1439
SAL_EA0782AA_00794_1,1631,5578
SAL_EA0782AA_00673_1,3391,10946
SAL_EA0782AA_03395_1,1116,4149
SAL_EA0782AA_00667_1,302,1102
SAL_EA0782AA_00672_1,1289,4642
SAL_EA0782AA_03393_1,1791,6021
SAL_EA0782AA_03396_1,2465,8704
SAL_EA0782AA_00669_1,788,2938
SAL_EA0782AA_00668_1,519,1857
SAL_EA0782AA_00781_1,520,1847
SAL_EA0782AA_00932_1,589,2210
SAL_EA0782AA_00711_1,339,1146
SAL_EA0782AA_00931_1,270,1143
SAL_EA0782AA_03812_1,135,594
SAL_EA0782AA_03848_1,1045,4418
SAL_EA0782AA_03397_1,435,1410
SAL_EA0782AA_03398_1,390,1410
SAL_EA2932AA_00883_1,402,1650
SAL_EA2932AA_02554_1,215,658
SAL_EA2932AA_02538_1,607,2057
SAL_EA2932AA_02569_1,1087,3647
SAL_EA2932AA_02540_1,289,980
SAL_EA2932AA_02543_1,319,1310
SAL_EA2932AA_02542_1,177,561
SAL_EA2932AA_02546_1,200,745
SAL_EA2932AA_02544_1,169,605
SAL_EA2932AA_02559_1,787,2345
SAL_EA3023AA_04582_1,406,1322
SAL_EA3023AA_03072_1,528,2100
SAL_EA3023AA_03069_1,757,3068
SAL_EA3237AA_02624_1,850,3083
SAL_EA5822AA_00274_1,159,669
SAL_EA5611AA_03889_1,137,556
SAL_EA5822AA_04563_1,1285,4583
SAL_EA5822AA_04587_1,935,2962
SAL_EA5822AA_04586_1,751,2309
SAL_EA5822AA_04605_1,269,1090
SAL_EA6221AA_02911_1,676,2402
SAL_EA5822AA_04612_1,357,1056
SAL_EA5822AA_04610_1,818,2269
SAL_EA5822AA_04607_1,424,1169
SAL_EA6800AA_00420_1,476,1756
SAL_EA6800AA_00411_1,268,974
SAL_EA6800AA_01817_1,197,595
SAL_EA6800AA_01820_1,490,1598
SAL_EA6800AA_00147_1,2517,7833
SAL_EA6800AA_02209_1,3222,10377
SAL_EA6800AA_01851_1,1110,3912
SAL_EA6970AA_01288_1,578,2320
SAL_EA6800AA_04527_1,169,704
SAL_EA8495AA_01463_1,438,1533
SAL_EA8495AA_03297_1,440,1576
SAL_EA8495AA_03295_1,271,953
SAL_EA8495AA_03305_1,599,1885
SARI_RS01670_1,248,805
SAL_EA9940AA_03749_1,1394,4807
SARI_RS01065_1,110,448
SAL_EA9932AA_02540_1,287,1045
SARI_RS02350_1,355,1247
SARI_RS01195_1,397,1565
SARI_RS02055_1,421,1352
SARI_RS02050_1,656,2035
SARI_RS03065_1,296,1162
SARI_RS03245_1,647,2152
SARI_RS03240_1,477,1620
SARI_RS01675_1,716,2362
SARI_RS01915_1,1128,3831
SARI_RS01055_1,130,626
SARI_RS01050_1,489,1959
SARI_RS03360_1,128,493
SARI_RS02970_1,1018,2726
SARI_RS00235_1,904,2966
SARI_RS01010_1,1109,4516
SARI_RS01695_1,480,1842
SARI_RS03100_1,3036,10545
SARI_RS02360_1,813,2724
SARI_RS01000_1,748,2861
SARI_RS02045_1,1088,3205
SARI_RS03070_1,248,715
SARI_RS03250_1,942,2811
SARI_RS00285_1,538,1766
SARI_RS02065_1,604,1988
SARI_RS02060_1,749,2509
SARI_RS01060_1,1052,3943
SARI_RS02265_1,223,758
SARI_RS00240_1,811,2834
SARI_RS01045_1,1881,6840
SARI_RS03415_1,542,2041
SARI_RS01920_1,837,2889
SARI_RS04665_1,172,584
SARI_RS04295_1,311,1093
SARI_RS05405_1,787,2912
SARI_RS05400_1,689,2461
SARI_RS04200_1,700,2378
SARI_RS06580_1,215,694
SARI_RS04290_1,411,1695
SARI_RS06310_1,284,967
SARI_RS03760_1,551,2077
SARI_RS04275_1,369,1368
SARI_RS04270_1,305,1162
SARI_RS05945_1,1121,3928
SARI_RS04735_1,432,1278
SARI_RS05380_1,340,1154
SARI_RS05385_1,545,1768
SARI_RS05965_1,717,2442
SARI_RS05960_1,595,1934
SARI_RS06595_1,795,2922
SARI_RS06040_1,381,1347
SARI_RS04750_1,1691,5428
SARI_RS04755_1,703,2195
SARI_RS06745_1,152,586
SARI_RS03855_1,879,3630
SARI_RS04800_1,1164,3588
SARI_RS05375_1,549,1782
SARI_RS06570_1,270,882
SARI_RS06575_1,152,514
SARI_RS05410_1,1046,3832
SARI_RS05415_1,971,3475
SARI_RS04170_1,968,3523
SARI_RS04195_1,1219,3902
SARI_RS03775_1,287,1117
SARI_RS03950_1,377,1099
SARI_RS05955_1,630,2016
SARI_RS05950_1,884,2995
SARI_RS04260_1,217,791
SARI_RS05395_1,317,1006
SARI_RS05390_1,618,2055
SARI_RS05970_1,539,1828
SARI_RS05975_1,711,2457
SARI_RS04310_1,167,706
SARI_RS06035_1,593,1891
SARI_RS06585_1,848,3427
SARI_RS04190_1,654,2280
SARI_RS04745_1,547,1739
SARI_RS04740_1,375,1092
SARI_RS06210_1,442,1349
SARI_RS06895_1,518,1750
SARI_RS08105_1,2888,9577
SARI_RS10280_1,214,740
SARI_RS10285_1,966,2958
SARI_RS08120_1,596,2248
SARI_RS12220_1,166,698
SARI_RS11210_1,144,567
SARI_RS07615_1,179,631
SARI_RS12200_1,2412,7704
SARI_RS10030_1,984,2652
SARI_RS09495_1,489,1617
SARI_RS08975_1,146,511
SARI_RS11380_1,553,1832
SARI_RS11100_1,612,2178
SARI_RS11105_1,1475,5212
SARI_RS12165_1,391,1184
SARI_RS12185_1,394,1415
SARI_RS12180_1,1175,3649
SARI_RS10055_1,1510,5096
SARI_RS10270_1,888,2838
SARI_RS10275_1,1001,3112
SARI_RS08370_1,381,1203
SARI_RS08375_1,386,1189
SARI_RS10255_1,299,1051
SARI_RS12080_1,156,636
SARI_RS08350_1,397,1241
SARI_RS08115_1,210,663
SARI_RS10035_1,1225,3950
SARI_RS10290_1,1144,3815
SARI_RS10410_1,435,1554
SARI_RS08210_1,106,434
SARI_RS09735_1,932,2974
SARI_RS08935_1,286,938
SARI_RS08940_1,560,2131
SARI_RS10130_1,520,1964
SARI_RS09740_1,1607,5485
SARI_RS12115_1,241,893
SARI_RS07945_1,554,1795
SARI_RS12135_1,1215,4788
SARI_RS12085_1,163,629
SARI_RS12155_1,175,716
SARI_RS12170_1,849,2400
SARI_RS12190_1,773,2782
SARI_RS10040_1,655,2189
SARI_RS10260_1,998,3169
SARI_RS10265_1,1019,3319
SARI_RS08360_1,1742,5890
SARI_RS08365_1,723,2274
SARI_RS12210_1,315,1224
SARI_RS12095_1,232,875
SARI_RS12285_1,978,3072
SARI_RS12280_1,494,1576
SARI_RS12440_1,129,474
SARI_RS12730_1,142,488
SARI_RS12775_1,342,1152
SARI_RS12770_1,1066,3578
SARI_RS12755_1,1258,3629
SARI_RS12560_1,224,829
SARI_RS12690_1,497,1699
SARI_RS12735_1,317,1078
SARI_RS12225_1,375,1470
SARI_RS14620_1,454,1571
SARI_RS14625_1,236,808
SARI_RS12710_1,184,617
SARI_RS12395_1,300,1158
SARI_RS14570_1,511,1919
SARI_RS12250_1,527,2110
SARI_RS14550_1,189,612
SARI_RS12415_1,497,1798
SARI_RS12470_1,465,1668
SARI_RS13520_1,882,2655
SARI_RS12555_1,159,642
SARI_RS12765_1,1022,2992
SARI_RS12680_1,1280,4012
SARI_RS12740_1,354,1356
SARI_RS12435_1,263,1006
SARI_RS12430_1,156,555
SARI_RS12720_1,1465,5213
SARI_RS14445_1,1067,3388
SARI_RS12535_1,118,440
SARI_RS13240_1,2068,7166
SARI_RS12705_1,816,2658
SARI_RS14460_1,456,1704
SARI_RS12760_1,492,1461
SARI_RS14565_1,146,466
SARI_RS14560_1,537,1785
SARI_RS12675_1,830,2482
SARI_RS12425_1,292,1121
SARI_RS13740_1,479,1699
SARI_RS12650_1,972,3177
SARI_RS14435_1,249,876
SARI_RS12670_1,398,1231
SARI_RS12295_1,334,1160
SARI_RS12465_1,146,538
SARI_RS15795_1,531,1746
SARI_RS16060_1,698,2515
SARI_RS14685_1,915,2820
SARI_RS15740_1,696,2355
SARI_RS14805_1,1084,3425
SARI_RS15760_1,782,2422
SARI_RS15765_1,553,1823
SARI_RS15515_1,71,235
SARI_RS15490_1,347,1210
SARI_RS15555_1,663,2361
SARI_RS15800_1,1339,4619
SARI_RS16625_1,1015,3260
SARI_RS15665_1,147,627
SARI_RS15660_1,544,2291
SARI_RS15780_1,820,2591
SARI_RS15645_1,532,1979
SARI_RS15640_1,502,1919
SARI_RS15625_1,470,1411
SARI_RS14740_1,1574,6211
SARI_RS15805_1,208,620
SARI_RS15950_1,529,2144
SARI_RS14695_1,664,2360
SARI_RS14690_1,2098,7352
SARI_RS15755_1,471,1320
SARI_RS15750_1,339,1020
SARI_RS15775_1,519,1524
SARI_RS15770_1,603,1674
SARI_RS15560_1,295,1046
SARI_RS15545_1,796,2912
SARI_RS15540_1,237,843
SARI_RS15815_1,1507,4568
SARI_RS14630_1,328,1112
SARI_RS15485_1,2521,10061
SARI_RS15735_1,581,1786
SARI_RS16630_1,407,1636
SARI_RS15650_1,634,2273
SARI_RS15655_1,817,3206
SARI_RS15630_1,1068,3648
SARI_RS15635_1,854,2809
SARI_RS16880_1,154,485
SARI_RS15945_1,449,1558
SARI_RS16715_1,1115,3304
SARI_RS14710_1,972,3132
SARI_RS14735_1,367,1595
SARI_RS14730_1,336,1464
SARI_RS15020_1,164,682
SARI_RS16905_1,134,514
SARI_RS21435_1,1063,3374
SARI_RS21430_1,598,2120
SARI_RS21610_1,143,487
SARI_RS21595_1,197,631
SARI_RS21450_1,1567,4868
SARI_RS19455_1,609,1893
SARI_RS18915_1,887,2722
SARI_RS20445_1,845,2557
SARI_RS19475_1,689,2002
SARI_RS18190_1,3730,11921
SARI_RS18155_1,980,3520
SARI_RS18505_1,239,787
SARI_RS20560_1,1527,5412
SARI_RS18535_1,224,658
SARI_RS18530_1,269,874
SARI_RS18520_1,585,2007
SARI_RS18640_1,505,1934
SARI_RS21655_1,528,2055
SARI_RS16910_1,534,1950
SARI_RS17950_1,987,3495
SARI_RS21615_1,382,1355
SARI_RS18165_1,124,452
SARI_RS18160_1,415,1610
SARI_RS21150_1,194,580
SARI_RS21155_1,268,731
SARI_RS18120_1,306,1044
SARI_RS21130_1,865,2807
SARI_RS20435_1,592,2027
SARI_RS18125_1,194,706
SARI_RS17830_1,241,965
SARI_RS21445_1,711,2277
SARI_RS18920_1,333,1179
SARI_RS20450_1,895,2939
SARI_RS20455_1,563,1867
SARI_RS21440_1,538,1820
SARI_RS19440_1,1204,3764
SARI_RS19445_1,668,1906
SARI_RS19460_1,616,1787
SARI_RS19465_1,788,2092
SARI_RS18510_1,1123,3494
SARI_RS20440_1,836,2629
SARI_RS19895_1,1257,4548
SARI_RS16885_1,415,1466
SARI_RS17940_1,556,2036
SBG_RS01410_1,139,473
SBG_RS01430_1,402,1101
SBG_RS01405_1,128,529
SARI_RS22020_1,227,763
SBG_RS01440_1,255,771
SBG_RS04655_1,534,2013
SBG_RS04650_1,481,1940
SCH_RS00165_1,478,1817
SBG_RS14695_1,118,485
SBG_RS14715_1,398,1339
SCH_RS06940_1,739,2492
SCH_RS06945_1,1031,3109
SCH_RS06960_1,668,2176
SCH_RS06965_1,684,2268
SCH_RS00185_1,177,597
SCH_RS11215_1,219,879
SCH_RS10970_1,609,2415
SCH_RS10975_1,629,2377
SCH_RS11230_1,245,1087
SCH_RS03185_1,997,3368
SCH_RS01795_1,189,684
SCH_RS06450_1,258,1002
SCH_RS09845_1,495,1908
SCH_RS06370_1,130,464
SCH_RS00815_1,214,758
SCH_RS00810_1,337,1058
SCH_RS03095_1,838,2789
SCH_RS11190_1,240,894
SCH_RS01465_1,302,1075
SCH_RS01810_1,157,680
SCH_RS06620_1,198,684
SCH_RS06955_1,558,1953
SCH_RS06390_1,210,717
SCH_RS06395_1,208,782
SCH_RS06975_1,992,3085
SCH_RS06970_1,496,1781
SCH_RS01720_1,142,560
SCH_RS10965_1,740,2860
SCH_RS13120_1,1588,5549
SCH_RS01925_1,338,1165
SCH_RS01785_1,416,1483
SCH_RS00550_1,176,670
SCH_RS01885_1,313,1154
SCH_RS05195_1,283,1139
SCH_RS05190_1,609,2190
SCH_RS13540_1,539,1819
SCH_RS10960_1,928,3329
SCH_RS01840_1,273,915
SCH_RS01475_1,181,746
SCH_RS06345_1,771,2613
SCH_RS01805_1,1222,4421
SCH_RS01800_1,547,2000
SCH_RS06635_1,216,846
SCH_RS19220_1,138,510
SCH_RS22890_1,520,1406
SCH_RS22895_1,579,1869
SCH_RS18360_1,593,2269
SCH_RS20065_1,259,884
SCH_RS14100_1,155,529
SCH_RS23750_1,313,1154
SCH_RS23755_1,595,2267
SCH_RS23575_1,301,878
SCH_RS15110_1,386,1225
SCH_RS23105_1,951,3036
SCH_RS23590_1,488,1465
SCH_RS23595_1,188,541
SCH_RS13740_1,171,603
SCH_RS23690_1,531,1917
SCH_RS19215_1,522,1818
SCH_RS23670_1,209,502
SCH_RS23675_1,524,1600
SCH_RS23410_1,145,449
SCH_RS23435_1,112,356
SCH_RS18365_1,587,2059
SCH_RS13650_1,446,1444
SCH_RS13655_1,331,1244
SCH_RS21890_1,592,2414
SCH_RS22720_1,796,3020
SCH_RS23710_1,372,1122
SCH_RS18190_1,182,628
SCH_RS23780_1,572,2020
SCH_RS23275_1,119,376
SCH_RS23625_1,344,1159
SCH_RS18370_1,620,2143
SCH_RS20070_1,192,699
SCH_RS14820_1,493,1514
SCH_RS23760_1,513,1989
SCH_RS14105_1,644,2236
SCH_RS23585_1,958,2642
SCH_RS23580_1,725,1930
SCH_RS22670_1,518,2092
SCH_RS23660_1,1322,3763
SCH_RS23665_1,294,795
SCH_RS13550_1,231,903
SCH_RS22690_1,237,1005
SCH_RS13645_1,1088,3781
SCH_RS23620_1,416,1510
SCH_RS22730_1,406,1520
SCH_RS18185_1,361,1196
SCH_RS24070_1,294,1011
SCH_RS24075_1,322,1181
SCH_RS23910_1,757,2195
SCH_RS24230_1,171,585
SCH_RS24015_1,792,2421
SCH_RS23790_1,532,1844
SCH_RS24200_1,1279,4697
SCH_RS24300_1,168,552
SCH_RS24190_1,1009,3581
SCH_RS24195_1,1151,4402
SCH_RS24220_1,660,2607
SCH_RS23825_1,587,1942
SCH_RS24280_1,767,2500
SCH_RS23860_1,152,523
SCH_RS23880_1,400,1526
SCH_RS24080_1,441,1350
SCH_RS23960_1,131,499
SCH_RS23985_1,780,3009
SCH_RS24060_1,236,826
SCH_RS23940_1,867,2742
SCH_RS23820_1,460,1367
SCH_RS24270_1,290,943
SCH_RS23920_1,249,795
SCH_RS24045_1,168,588
SCH_RS24040_1,583,1964
SCH_RS23900_1,488,1627
SCH_RS24020_1,1404,4824
SCH_RS24160_1,285,984
SCH_RS24005_1,504,1836
SCH_RS23785_1,152,586
SCH_RS24205_1,270,1053
SCH_RS24215_1,654,2649
SCH_RS24180_1,168,579
SCH_RS24185_1,315,999
SCH_RS24235_1,188,730
SCH_RS23810_1,986,2794
SCH_RS24290_1,700,2522
SCH_RS24085_1,525,1635
SCH_RS24295_1,155,574
SCH_RS23855_1,554,1660
SCH_RS23850_1,331,902
SCH_RS24010_1,841,2786
SCH_RS23895_1,385,1199
SCH_RS23945_1,411,1344
SCH_RS24210_1,598,2282
SCH_RS23990_1,794,2644
SCH_RS23975_1,108,351
SE14_RS09415_1,242,730
SE14_RS09475_1,671,2209
SE14_RS09485_1,285,885
SE14_RS09410_1,264,915
SCH_RS24325_1,1656,6093
SE14_RS09520_1,166,563
SE14_RS09395_1,457,1451
SCH_RS24345_1,761,2173
SE14_RS24695_1,288,855
SE14_RS24700_1,161,505
SE14_RS09425_1,374,1111
SE14_RS24435_1,266,778
SCH_RS24335_1,591,1902
SCH_RS24310_1,556,1793
SE14_RS13855_1,286,1010
SCH_RS24320_1,1438,5186
SEAG_RS00020_1,117,495
SEAG_RS00025_1,258,930
SE451236_RS19770_1,591,1947
SE14_RS25555_1,237,735
SE14_RS25315_1,876,3111
SE451236_RS19805_1,267,903
SE14_RS25320_1,357,1371
SEAG_RS00030_1,300,1032
SEAG_RS00015_1,158,598
SE451236_RS19765_1,213,804
SE15cs_RS01925_1,86,337
SE451236_RS20070_1,850,2768
SE15cs_RS01930_1,154,575
SEAG_RS05405_1,275,1093
SEAG_RS00050_1,327,1176
SEAG_RS00150_1,274,923
SEAG_RS00215_1,498,1599
SEAG_RS00210_1,652,2291
SEAG_RS00185_1,165,582
SEAG_RS00235_1,525,1896
SEAG_RS00230_1,355,1319
SEAG_RS00140_1,410,1552
SEAG_RS00250_1,2250,8568
SEAG_RS00175_1,707,2488
SEAG_RS00170_1,314,1198
SEAG_RS00080_1,188,694
SEAG_RS01400_1,731,2230
SEAG_RS06245_1,298,962
SEAG_RS00260_1,140,499
SEAG_RS00105_1,248,850
SEAG_RS00115_1,681,2505
SEAG_RS00110_1,1297,4769
SEAG_RS00145_1,1634,5944
SEAG_RS01730_1,189,666
SEAG_RS05460_1,316,1124
SEAG_RS01745_1,142,560
SEAG_RS00075_1,517,1841
SEAG_RS00070_1,330,1380
SEAG_RS00055_1,134,514
SEAG_RS00035_1,265,977
SEAG_RS00205_1,185,796
SEAG_RS00200_1,144,630
SEAG_RS00195_1,367,1379
SEAG_RS00220_1,171,657
SEAG_RS00225_1,217,845
SEAG_RS00240_1,269,1018
SEAG_RS00245_1,237,933
SEAG_RS00160_1,449,1585
SEAG_RS00060_1,227,799
SEAG_RS00125_1,521,1846
SEAG_RS00165_1,267,966
SEAG_RS00190_1,729,2430
SEAG_RS00100_1,267,939
SEAG_RS00065_1,146,466
SEAG_RS01710_1,267,822
SEAG_RS01715_1,195,615
SEAG_RS00040_1,204,660
SEAG_RS00045_1,189,756
SEAG_RS18625_1,816,2595
SEAG_RS06255_1,216,684
SEAG_RS21875_1,273,897
SEAG_RS10050_1,678,2490
SEAG_RS21895_1,691,2432
SEAG_RS21160_1,238,887
SEAG_RS13440_1,491,1624
SEAG_RS13445_1,314,1135
SEAG_RS16015_1,1188,3933
SEAG_RS14880_1,667,2474
SEAG_RS21880_1,327,1122
SEAG_RS18975_1,412,1370
SEAG_RS18970_1,789,2901
SEAG_RS10175_1,1237,4649
SEAG_RS07860_1,254,916
SEAG_RS21910_1,459,1575
SEAG_RS21915_1,1793,6370
SEAG_RS13800_1,637,2531
SEAG_RS10115_1,180,765
SEAG_RS20425_1,166,635
SEAG_RS13510_1,201,717
SEAG_RS21145_1,123,498
SEAG_RS18630_1,242,847
SEAG_RS07305_1,2205,8064
SEAG_RS13795_1,246,888
SEAG_RS21885_1,545,1705
SEAG_RS19480_1,561,1869
SEAG_RS13490_1,131,526
SEAG_RS13495_1,359,1351
SEAG_RS13785_1,1008,3987
SEAG_RS10085_1,759,3093
SEAG_RS13475_1,697,2363
SEAG_RS21155_1,225,819
SEAG_RS21150_1,263,952
SEAG_RS18985_1,414,1341
SEAG_RS18980_1,448,1379
SEAG_RS16000_1,629,2098
SEAG_RS21905_1,712,2429
SEAG_RS13355_1,914,3505
SEAG_RS14875_1,766,2492
SEAG_RS21890_1,629,1990
SEAG_RS20430_1,1306,4202
SEAG_RS20435_1,1543,5387
SEAG_RS21900_1,398,1294
SEAG_RS13350_1,262,899
SEAG_RS07865_1,219,843
SEAG_RS13505_1,220,797
SEAG_RS13500_1,211,788
SEAG_RS22775_1,147,546
SED_RS05650_1,268,974
SED_RS00175_1,527,1615
SEAG_RS22565_1,311,940
SED_RS00205_1,487,1493
SED_RS00405_1,195,651
SED_RS00400_1,206,766
SEAG_RS22815_1,179,640
SED_RS01920_1,210,807
SEAG_RS22900_1,1234,4805
SEAG_RS22875_1,319,1049
SED_RS00340_1,142,542
SED_RS00325_1,622,2168
SEAG_RS22955_1,994,3506
SED_RS00300_1,1490,4972
SED_RS03300_1,342,1179
SEAG_RS22970_1,1998,7191
SED_RS03510_1,119,421
SED_RS03265_1,190,746
SED_RS00295_1,133,488
SEAG_RS22895_1,591,2316
SEAG_RS22570_1,160,533
SED_RS05660_1,854,2962
SED_RS05665_1,947,3346
SED_RS03430_1,297,918
SEAG_RS22950_1,645,2307
SED_RS00430_1,154,539
SED_RS03425_1,256,914
SEAG_RS22780_1,120,438
SED_RS00395_1,144,594
SED_RS00410_1,173,583
SED_RS01915_1,261,1053
SED_RS00335_1,813,2589
SED_RS00310_1,1239,4269
SED_RS03375_1,556,2063
SEAG_RS22940_1,745,2603
SEAG_RS22965_1,748,2699
SED_RS03505_1,229,869
SED_RS00350_1,1764,6129
SED_RS00355_1,209,682
SED_RS00375_1,318,1320
SEAG_RS22925_1,126,549
SED_RS00280_1,747,2637
SED_RS05670_1,608,2020
SED_RS14795_1,513,2088
SED_RS14870_1,729,2754
SED_RS05695_1,309,969
SED_RS14775_1,437,1381
SED_RS05675_1,1099,3626
SED_RS05705_1,642,2175
SEEA1592_RS00775_1,685,2573
SED_RS05680_1,679,1940
SEE18569_RS11750_1,133,416
SED_RS11325_1,142,596
SEEA0014_RS10700_1,177,687
SEEA0014_RS18775_1,428,1381
SED_RS05685_1,759,2337
SEEA1592_RS14235_1,673,2270
SEEA1592_RS20720_1,888,3342
SEEA8692_RS19810_1,221,733
SEEC0708_RS07000_1,400,1337
SEEA1592_RS20680_1,1706,5296
SEEA1592_RS15765_1,472,1418
SEEC0708_RS17910_1,229,905
SEEC0708_RS17870_1,249,1029
SEEC0708_RS19990_1,907,3233
SEEC0708_RS19995_1,411,1668
SEEC0708_RS15715_1,321,1029
SEEH1578_RS05800_1,176,652
SEEC0708_RS23790_1,468,1620
SEEH1578_RS05870_1,99,378
SEEE1427_RS21265_1,407,1492
SEEH1578_RS05880_1,318,1041
SEEH1578_RS05795_1,152,523
SEEH1578_RS05860_1,351,927
SEEH1578_RS23580_1,859,2768
SEEH1578_RS05955_1,345,1095
SEEH1578_RS23560_1,959,3154
SEEN425_RS02085_1,126,477
SEEN425_RS02080_1,212,769
SEEH1578_RS23890_1,143,505
SEEH1578_RS24000_1,474,1587
SEEH1578_RS23975_1,280,989
SEEH1578_RS23810_1,792,2898
SEEH1578_RS23960_1,209,718
SEEN425_RS01960_1,724,2489
SEEH1578_RS24005_1,145,467
SEEH1578_RS24020_1,430,1721
SEEH1578_RS23980_1,1205,4249
SEEH1578_RS23985_1,653,2362
SEEN462_RS00500_1,598,1733
SEEH1578_RS23905_1,447,1533
SEEH1578_RS23925_1,340,1154
SEEH1578_RS23920_1,501,1875
SEEH1578_RS23790_1,209,610
SEEN462_RS12460_1,508,1733
SEEN462_RS12440_1,113,436
SEEH1578_RS23880_1,280,935
SEEH1578_RS23885_1,337,1247
SEEH1578_RS23850_1,348,1281
SEEN425_RS02175_1,290,979
SEEH1578_RS23875_1,627,2397
SEEH1578_RS23825_1,156,591
SEEH1578_RS23795_1,121,491
SEEH1578_RS23805_1,185,616
SEEN425_RS02195_1,916,2846
SEEH1578_RS23815_1,319,1193
SEEH1578_RS23840_1,140,544
SEEH1578_RS24010_1,110,430
SEEH1578_RS24030_1,361,1295
SEEH1578_RS24015_1,751,2489
SEEH1578_RS23990_1,733,2624
SEEP7378_RS18825_1,199,638
SEEN486_RS06610_1,234,783
SEEN486_RS06650_1,367,1217
SEEN486_RS06670_1,341,1126
SEEN486_RS06675_1,2302,6581
SEEP7378_RS18915_1,157,608
SEEN486_RS06635_1,418,1355
SEEN550_RS01585_1,156,510
SEEN550_RS01565_1,1075,4271
SEEN486_RS06690_1,344,1195
SEEN486_RS06695_1,870,2694
SEEN486_RS06615_1,332,1000
SEEP7378_RS00935_1,593,2125
SEEN486_RS06585_1,560,1951
SEEP7378_RS18870_1,538,1604
SEEN486_RS06630_1,461,1447
SEEN486_RS06645_1,662,2029
SEEN486_RS06640_1,268,839
SEEN486_RS06600_1,363,1122
SEEN550_RS01755_1,193,716
SEEN550_RS01750_1,108,450
SEEN550_RS01575_1,354,1347
SEEN462_RS25230_1,362,1330
SEEN486_RS06685_1,285,786
SEEN486_RS06590_1,753,2505
SEESL791_RS03580_1,869,3091
SEESL791_RS15115_1,1603,5174
SEESL791_RS03590_1,453,1419
SEEP9120_RS17455_1,303,1146
SEESL791_RS07815_1,387,1251
SEESL791_RS00990_1,257,841
SEESL791_RS03560_1,802,2627
SEESL791_RS03585_1,172,620
SEESL791_RS00995_1,1317,4587
SEESL791_RS13620_1,216,711
SEESL791_RS15125_1,771,2397
SEESL791_RS15120_1,1035,3267
SEEP7378_RS18925_1,1071,3834
SEESL791_RS08745_1,212,814
SEEP7378_RS18960_1,1050,3900
SEESL791_RS15755_1,637,2189
SEET0819_RS02010_1,985,3119
SEESL791_RS21835_1,147,591
SEESL791_RS21655_1,173,628
SEESL791_RS21650_1,819,2709
SEESL791_RS15130_1,660,2139
SEESL791_RS21670_1,513,1872
SEESL791_RS17000_1,1596,5406
SEESL791_RS17005_1,479,1582
SEET0819_RS02015_1,595,2123
SEET0819_RS02005_1,885,3066
SEET0819_RS02000_1,891,2988
SEESL791_RS21645_1,731,2176
SEESL791_RS21660_1,699,2334
SEESL791_RS16995_1,338,1219
SEESL791_RS16990_1,588,1779
SEET0819_RS19210_1,154,539
SEET0819_RS19215_1,327,1077
SEET0819_RS19230_1,376,1334
SEET0819_RS22100_1,302,1120
SEET0819_RS02445_1,785,2851
SEET0819_RS03050_1,521,2080
SEET0819_RS22135_1,180,612
SEET0819_RS19355_1,319,1130
SEET0819_RS22110_1,316,1025
SEET0819_RS08455_1,147,654
SEET0819_RS19205_1,198,666
SEET0819_RS22090_1,241,722
SEET0819_RS22155_1,130,464
SEET0819_RS16295_1,180,684
SEET0819_RS02450_1,357,1128
SEET0819_RS19320_1,172,701
SEET0819_RS19350_1,566,2143
SEET0819_RS12310_1,199,755
SEET0819_RS22130_1,129,474
SEET0819_RS22075_1,443,1510
SEET0819_RS19100_1,967,3389
SEET0819_RS17080_1,1182,4794
SEET0819_RS11290_1,640,2447
SEET0819_RS11295_1,357,1317
SEET0819_RS02455_1,1330,4619
SEET0819_RS20660_1,789,2694
SEET0819_RS02025_1,1035,3303
SEET0819_RS02020_1,450,1530
SEET0819_RS22070_1,130,428
SEET0819_RS02610_1,274,968
SEET0819_RS23465_1,292,1229
SEET0819_RS19245_1,190,728
SEET0819_RS22080_1,772,2648
SEET0819_RS03060_1,158,670
SEET0819_RS22120_1,253,791
SEET0819_RS22160_1,293,1084
SEET0819_RS08465_1,172,764
SEET0819_RS08460_1,209,961
SEET0819_RS17085_1,254,880
SEET0819_RS17820_1,239,949
SEET0819_RS16300_1,167,616
SEET0819_RS19360_1,214,731
SEET0819_RS22065_1,347,1282
SEET0819_RS16320_1,467,1747
SEETH391_RS21235_1,1263,3912
SEETH391_RS21270_1,237,771
SEETH391_RS21275_1,1560,4785
SEHA_RS00395_1,849,2598
SEHA_RS00115_1,222,705
SEHA_RS00350_1,314,901
SEETH391_RS21240_1,380,1249
SEETH391_RS21320_1,335,1096
SEHA_RS00055_1,1286,4357
SEHA_RS00050_1,912,3129
SEETH391_RS21300_1,244,692
SEETH391_RS21305_1,310,1058
SEHA_RS00335_1,2166,6969
SEHA_RS00010_1,727,2369
SEETH391_RS21285_1,164,646
SEETH391_RS21380_1,264,906
SEETH391_RS21385_1,145,521
SEHA_RS00100_1,284,958
SEHA_RS00090_1,210,555
SEHA_RS00095_1,634,2147
SEHA_RS00405_1,327,1050
SEHA_RS00400_1,606,1851
SEETH391_RS21245_1,527,1642
SEHA_RS00385_1,2643,8661
SEHA_RS00125_1,279,972
SEETH391_RS21265_1,877,2678
SEHA_RS00345_1,121,446
SEHA_RS00340_1,562,1841
SEETH391_RS22530_1,305,1234
SEETH391_RS21335_1,742,2327
SEETH391_RS21330_1,483,1623
SEHA_RS00060_1,220,824
SEETH391_RS21290_1,278,874
SEHA_RS00260_1,235,773
SEHA_RS00020_1,187,659
SEHA_RS00025_1,634,1913
SEETH391_RS21280_1,127,413
SEHA_RS00415_1,833,2776
SEHA_RS00410_1,377,1378
SEHA_RS00085_1,247,788
SEHA_RS00475_1,321,993
SEHA_RS00470_1,1220,3829
SEHA_RS00520_1,119,457
SEHA_RS05875_1,474,1632
SEHA_RS00525_1,254,718
SEHA_RS05850_1,262,1016
SEHA_RS08170_1,216,675
SEHA_RS08175_1,172,593
SEHA_RS01360_1,629,2287
SEHA_RS08055_1,189,639
SEHA_RS08050_1,482,1363
SEHA_RS00505_1,354,1248
SEHA_RS00500_1,484,1568
SEHA_RS02125_1,148,482
SEHA_RS02520_1,314,1144
SEHA_RS02525_1,176,598
SEHA_RS02275_1,403,1505
SEHA_RS01365_1,747,2520
SEHA_RS02530_1,163,602
SEHA_RS00425_1,838,2627
SEHA_RS00420_1,566,1909
SEHA_RS05845_1,309,996
SEHA_RS00440_1,367,1316
SEHA_RS00445_1,437,1408
SEHA_RS08180_1,241,713
SEHA_RS00460_1,336,1023
SEHA_RS00465_1,928,2960
SEHA_RS08145_1,663,2307
SEHA_RS08140_1,413,1342
SEHA_RS08080_1,147,591
SEHA_RS00530_1,376,1307
SEHA_RS02360_1,427,1526
SEHA_RS02365_1,123,435
SEHA_RS08045_1,833,2398
SEHA_RS02110_1,3358,10763
SEHA_RS02115_1,247,1058
SEHA_RS00510_1,162,549
SEHA_RS02340_1,149,562
SEHA_RS02280_1,156,564
SEHA_RS02130_1,288,1116
SEHA_RS08060_1,593,1981
SEHA_RS00495_1,415,1241
SEHA_RS01375_1,652,2147
SEHA_RS05815_1,607,2003
SEHA_RS00430_1,203,778
SEHA_RS00450_1,739,2555
SEHA_RS00455_1,1077,3585
SEHA_RS16985_1,131,436
SEHA_RS22660_1,1060,3755
SEHA_RS22700_1,264,1041
SEHA_RS22640_1,650,2005
SEHA_RS22645_1,619,2234
SEHA_RS13180_1,146,538
SEHA_RS08240_1,869,2857
SEHA_RS22605_1,416,1528
SEHA_RS08220_1,179,604
SEHA_RS22680_1,403,1244
SEHA_RS22665_1,351,1350
SEHA_RS16015_1,247,806
SEHA_RS16005_1,670,2228
SEHA_RS15990_1,1015,3098
SEHA_RS15995_1,196,659
SEHA_RS08205_1,608,1993
SEHA_RS15540_1,127,422
SEHA_RS15955_1,536,1723
SEHA_RS15950_1,389,1294
SEHA_RS15965_1,932,2830
SEHA_RS15975_1,317,1123
SEHA_RS15970_1,202,680
SEHA_RS13170_1,703,2312
SEHA_RS08880_1,671,2056
SEHA_RS13155_1,269,964
SEHA_RS13150_1,1940,6124
SEHA_RS22635_1,477,1557
SEHA_RS13130_1,779,2767
SEHA_RS13135_1,1024,4142
SEHA_RS08225_1,125,442
SEHA_RS22655_1,511,1685
SEHA_RS22650_1,482,1885
SEHA_RS16930_1,111,375
SEHA_RS08215_1,264,807
SEHA_RS17075_1,219,771
SEHA_RS16000_1,298,1079
SEHA_RS22570_1,229,752
SEHA_RS08190_1,133,443
SEHA_RS08195_1,293,1021
SEHA_RS16020_1,747,2565
SEHA_RS17030_1,129,456
SEHA_RS08200_1,1804,5954
SEHA_RS15980_1,501,1767
SEHA_RS15985_1,340,1271
SEHA_RS23645_1,3290,11479
SEN_RS01585_1,278,829
SEN_RS05915_1,320,1255
SEN_RS07185_1,305,1099
SEN_RS07180_1,107,388
SEHA_RS22720_1,642,2301
SEHA_RS22820_1,860,2758
SEN_RS07170_1,145,521
SEN_RS07230_1,357,1254
SEHA_RS22740_1,219,762
SEN_RS01405_1,238,1103
SEHA_RS22765_1,718,2711
SEHA_RS22760_1,1096,3809
SEHA_RS23640_1,1886,6691
SEN_RS07165_1,204,750
SEN_RS07160_1,395,1459
SEHA_RS22850_1,1080,3636
SEHA_RS22860_1,149,445
SEHA_RS22810_1,462,1599
SEHA_RS22835_1,489,1725
SEHA_RS22855_1,163,638
SEHA_RS22785_1,857,2761
SEN_RS05190_1,299,1141
SEN_RS04715_1,422,1459
SEN_RS07240_1,237,609
SEN_RS05900_1,419,1381
SEHA_RS23655_1,1457,4897
SEHA_RS23650_1,4318,14708
SEHA_RS22735_1,729,2520
SEN_RS07195_1,357,1308
SEHA_RS23635_1,516,1824
SEN_RS07200_1,582,2217
SEN_RS05175_1,195,921
SEN_RS05170_1,287,1090
SEHA_RS22755_1,2283,7959
SEN_RS05160_1,151,506
SEN_RS07175_1,367,1199
SEHA_RS22845_1,743,2497
SEHA_RS22840_1,568,2123
SEN_RS06070_1,91,287
SEN_RS04710_1,457,1433
SEHA_RS22865_1,1135,3887
SEN_RS05240_1,501,1839
SEHA_RS22805_1,263,898
SEN_RS05200_1,1845,6030
SEHA_RS22780_1,82,296
SEN_RS05185_1,566,2053
SEN_RS05215_1,196,695
SEN_RS10115_1,410,1309
SEN_RS10285_1,289,1205
SEN_RS12610_1,390,1437
SEN_RS22310_1,1187,4339
SEN_RS10155_1,678,2247
SEN_RS10150_1,328,1094
SEN_RS20750_1,1192,3578
SEN_RS14575_1,676,2420
SEN_RS10055_1,224,748
SEN_RS11175_1,373,1229
SEN_RS11170_1,445,1598
SEN_RS10405_1,151,722
SEN_RS10400_1,176,715
SEN_RS22265_1,2134,7667
SEN_RS10120_1,708,2514
SEN_RS10370_1,450,1755
SEN_RS13600_1,499,1913
SEN_RS10350_1,942,3891
SEN_RS10355_1,622,2267
SEN_RS07425_1,456,1704
SEN_RS10335_1,352,1241
SEN_RS10330_1,184,608
SEN_RS07445_1,871,2891
SEN_RS10315_1,185,733
SEN_RS07245_1,382,1256
SEN_RS13595_1,405,1377
SEN_RS10295_1,329,1363
SEN_RS10125_1,508,1751
SEN_RS07440_1,555,1749
SEN_RS22305_1,147,564
SEN_RS22300_1,400,1328
SEN_RS16250_1,593,2287
SEN_RS10085_1,297,1017
SEN_RS10060_1,842,2848
SEN_RS10410_1,148,509
SEN_RS22060_1,193,734
SEN_RS10190_1,167,589
SEN_RS10200_1,620,2134
SEN_RS22275_1,1088,3772
SEN_RS10345_1,245,889
SEN_RS10225_1,189,693
SEN_RS07430_1,774,2502
SEN_RS07435_1,971,3115
SEN_RS10325_1,518,2155
SEN_RS20040_1,116,496
SEN_RS10300_1,536,2110
SEN_RS10305_1,1280,4237
SESA_RS00505_1,186,669
SESA_RS02355_1,256,824
SESA_RS00215_1,245,934
SESA_RS01550_1,714,2562
SESA_RS03445_1,90,369
SESA_RS00615_1,323,1018
SESA_RS00370_1,312,993
SESA_RS00515_1,108,315
SESA_RS00580_1,401,1183
SESA_RS00510_1,766,2258
SESA_RS00355_1,320,949
SESA_RS00365_1,287,766
SESA_RS00480_1,153,495
SESA_RS03460_1,136,539
SESA_RS02390_1,622,2330
SESA_RS00585_1,322,974
SESA_RS00315_1,1127,3373
SESA_RS03405_1,186,633
SESA_RS02380_1,532,1754
SESA_RS00540_1,315,891
SESA_RS00545_1,213,741
SESA_RS02090_1,564,1956
SESA_RS00565_1,269,910
SESA_RS00455_1,1169,3988
SESA_RS00485_1,484,1505
SESA_RS03510_1,201,690
SESA_RS02340_1,479,1996
SESA_RS02345_1,184,716
SESA_RS02365_1,292,860
SESA_RS00605_1,187,785
SESA_RS00325_1,477,1539
SESA_RS00500_1,475,1676
SESA_RS03455_1,274,1139
SESA_RS00320_1,345,1068
SESA_RS00490_1,224,676
SESA_RS03410_1,191,709
SESA_RS02360_1,203,652
SESA_RS00520_1,473,1588
SESA_RS00530_1,914,2677
SESA_RS00535_1,748,2402
SESA_RS02395_1,1556,5779
SESA_RS00550_1,220,788
SESA_RS00555_1,197,730
SESA_RS00030_1,812,2662
SESA_RS10920_1,618,2019
SESA_RS08060_1,829,2690
SESA_RS06930_1,98,397
SESA_RS06685_1,468,1566
SESA_RS08515_1,613,2240
SESA_RS03740_1,672,2208
SESA_RS03565_1,304,992
SESA_RS03760_1,260,937
SESA_RS03540_1,185,634
SESA_RS03700_1,201,690
SESA_RS03755_1,197,721
SESA_RS03580_1,685,2195
SESA_RS03585_1,871,2918
SESA_RS03870_1,324,1170
SESA_RS03680_1,210,681
SESA_RS03645_1,237,879
SESA_RS03640_1,493,1694
SESA_RS08065_1,1198,3581
SESA_RS03590_1,341,1009
SESA_RS10935_1,996,3495
SESA_RS03790_1,151,533
SESA_RS03795_1,221,742
SESA_RS06690_1,400,1229
SESA_RS03685_1,245,817
SESA_RS06675_1,708,2289
SESA_RS06670_1,382,1184
SESA_RS03775_1,227,772
SESA_RS03770_1,380,1411
SESA_RS03805_1,190,728
SESA_RS06665_1,375,1200
SESA_RS03710_1,163,557
SESA_RS03825_1,275,913
SESA_RS03820_1,1508,4918
SESA_RS03595_1,764,2467
SESA_RS03695_1,266,976
SESA_RS03690_1,584,1981
SESA_RS03860_1,167,589
SESA_RS03865_1,347,1255
SESA_RS03670_1,185,634
SESA_RS03880_1,145,476
SESA_RS03665_1,542,1825
SESA_RS03655_1,129,393
SESA_RS03635_1,435,1527
SESA_RS03815_1,425,1519
SESA_RS03810_1,255,897
SESA_RS09615_1,389,1276
SESA_RS03800_1,549,1836
SESA_RS16195_1,417,1374
SESA_RS19965_1,472,1634
SESA_RS19140_1,488,2014
SESA_RS14350_1,553,2003
SG_RS01375_1,433,1502
SESA_RS19135_1,332,1234
SESA_RS21665_1,220,752
SESA_RS16210_1,872,2926
SESA_RS22200_1,613,1781
SESA_RS21395_1,1065,3363
SESA_RS21645_1,916,2999
SESA_RS21565_1,237,744
SESA_RS21540_1,433,1448
SESA_RS22175_1,421,1199
SESA_RS22170_1,195,678
SESA_RS14295_1,574,2270
SESA_RS22195_1,566,1783
SESA_RS15675_1,743,2506
SESA_RS19605_1,792,2628
SESA_RS21480_1,347,1255
SESA_RS11370_1,270,909
SESA_RS11375_1,436,1409
SESA_RS21755_1,395,1297
SESA_RS19975_1,250,920
SESA_RS19970_1,243,882
SESA_RS14325_1,263,1006
SESA_RS19155_1,685,2555
SESA_RS14280_1,118,476
SESA_RS21635_1,338,1057
SESA_RS19130_1,804,3165
SESA_RS22205_1,610,1685
SESA_RS22560_1,413,1261
SG_RS01365_1,374,1102
SG_RS01360_1,140,445
SESA_RS21760_1,160,587
SESA_RS21655_1,880,2774
SESA_RS18135_1,357,1272
SESA_RS16205_1,1013,3109
SESA_RS16200_1,1204,4232
SESA_RS14285_1,2639,8818
SESA_RS21650_1,625,1922
SESA_RS21550_1,231,786
SG_RS01385_1,248,859
SESA_RS22180_1,1827,5490
SG_RS05275_1,292,959
SG_RS05270_1,1337,4225
SG_RS01410_1,249,903
SG_RS05250_1,977,3019
SG_RS05255_1,363,1239
SG_RS01435_1,295,1064
SG_RS01450_1,526,1616
SG_RS05290_1,339,1173
SG_RS01490_1,170,568
SG_RS06030_1,179,649
SG_RS06035_1,192,609
SG_RS05300_1,365,1192
SG_RS06010_1,588,1905
SG_RS05320_1,235,926
SINFA_RS14560_1,421,1541
SINFA_RS06570_1,207,801
SLT-BT0001_1,496,1781
SG_RS01395_1,207,666
SG_RS01390_1,157,509
SG_RS05265_1,785,2482
SG_RS05260_1,932,2929
SG_RS01400_1,363,1077
SG_RS01405_1,306,1071
SG_RS01425_1,268,974
SG_RS01420_1,160,560
SG_RS01445_1,389,1312
SG_RS01440_1,310,1049
SG_RS01460_1,254,808
SG_RS06025_1,139,482
SG_RS06005_1,112,446
SINFA_RS06560_1,264,852
SG_RS06060_1,329,1057
SG_RS06040_1,266,931
SG_RS06045_1,178,587
SINFA_RS15095_1,3110,10975
SG_RS05235_1,560,1654
SG_RS22415_1,935,3232
SLT-BT0071_1,392,1282
SLT-BT0421_1,534,1824
SLT-BT0211_1,384,1569
SLT-BT0401_1,653,1867
SLT-BT0151_1,603,1746
SLT-BT0231_1,1237,4091
SLT-BT0091_1,1754,5473
SLT-BT0391_1,269,775
SLT-BT0171_1,419,1039
SLT-BT0611_1,808,2810
SLT-BT0371_1,318,1104
SLT-BT0111_1,195,714
SLT-BT0351_1,595,1916
SLT-BT0131_1,320,1147
SLT-BT0651_1,317,1096
SLT-BT0331_1,644,1804
SLT-BT0481_1,165,474
SLT-BT0691_1,277,1028
SLT-BT0191_1,231,822
SLT-BT0731_1,154,575
SLT-BT0501_1,258,876
SLT-BT0541_1,616,1967
SLT-BT0281_1,1191,3804
SLT-BT0751_1,302,994
SLT-BT0061_1,645,2019
SLT-BT0471_1,357,1155
SLT-BT0261_1,731,2383
SLT-BT0041_1,273,780
SLT-BT0431_1,1021,3551
SLT-BT0081_1,494,1558
SLT-BT0221_1,462,1716
SLT-BT0411_1,374,1129
SLT-BT0601_1,673,2153
SLT-BT0381_1,574,1802
SLT-BT0162_1,382,1148
SLT-BT0592_1,382,1148
SLT-BT0591_1,823,2525
SLT-BT0621_1,661,2273
SLT-BT0361_1,841,2516
SLT-BT0101_1,394,1163
SLT-BT0341_1,584,1828
SLT-BT0121_1,729,2241
SLT-BT0661_1,197,667
SLT-BT0321_1,640,1916
SLT-BT0491_1,390,1590
SLT-BT0681_1,590,1705
SLT-BT0701_1,306,999
SLT-BT0571_1,532,1691
SLT-BT0921_1,278,883
SNSL254_RS00060_1,585,1980
SLT-BT0781_1,236,907
SLT-BT1011_1,927,3222
SNSL254_RS00040_1,366,1200
SNSL254_RS00045_1,355,1211
SLT-BT1071_1,3900,11877
SLT-BT1051_1,1484,5005
SLT-BT0891_1,156,510
SLT-BT0831_1,396,1305
SLT-BT0811_1,274,815
SLT-BT0871_1,161,550
SLT-BT0992_1,222,660
SLT-BT0991_1,508,1751
SLT-BT0851_1,1010,3256
SLT-BT1121_1,158,580
SLT-BT1081_1,603,1620
SLT-BT0971_1,1221,4260
SNSL254_RS00035_1,264,978
SNSL254_RS00030_1,751,2597
SNSL254_RS00010_1,220,644
SNSL254_RS00015_1,703,2600
SLT-BT0931_1,455,1444
SNSL254_RS00055_1,211,734
SNSL254_RS00050_1,308,1024
SLT-BT1001_1,391,1256
SLT-BT1041_1,514,1682
SLT-BT0821_1,210,726
SLT-BT0841_1,580,1643
SLT-BT0981_1,159,489
SLT-BT1131_1,651,1995
SLT-BT1091_1,427,1265
SLT-BT0941_1,679,2300
SLT-BT0761_1,545,1669
SLT-BT0961_1,477,1440
SLT-BT0901_1,342,1062
SLT-BT0902_1,210,582
SNSL254_RS00005_1,389,1312
SNSL254_RS00065_1,685,2249
SNSL254_RS00275_1,438,1470
SNSL254_RS00270_1,181,638
SNSL254_RS00340_1,1497,5082
SNSL254_RS00155_1,316,1097
SNSL254_RS00365_1,383,1372
SNSL254_RS00360_1,1286,4294
SNSL254_RS00085_1,326,1015
SNSL254_RS00080_1,244,836
SNSL254_RS00320_1,435,1419
SNSL254_RS00325_1,131,490
SNSL254_RS00395_1,201,645
SNSL254_RS00305_1,328,1175
SNSL254_RS00115_1,194,625
SNSL254_RS00110_1,368,1216
SNSL254_RS00285_1,200,646
SNSL254_RS00135_1,385,1262
SNSL254_RS00130_1,223,830
SNSL254_RS00150_1,240,876
SNSL254_RS00385_1,432,1557
SNSL254_RS00380_1,258,876
SNSL254_RS00170_1,336,1158
SNSL254_RS00205_1,1118,3364
SNSL254_RS00105_1,123,444
SNSL254_RS00070_1,561,2022
SNSL254_RS00260_1,546,1812
SNSL254_RS00265_1,794,2752
SNSL254_RS00095_1,149,535
SNSL254_RS00090_1,378,1179
SNSL254_RS00375_1,307,1034
SNSL254_RS00370_1,422,1468
SNSL254_RS00120_1,211,671
SNSL254_RS00355_1,2063,6856
SNSL254_RS00350_1,427,1427
SNSL254_RS00330_1,173,664
SNSL254_RS00335_1,344,1123
SNSL254_RS00315_1,445,1526
SNSL254_RS00100_1,561,2013
SNSL254_RS00295_1,334,1187
SNSL254_RS00290_1,442,1583
SNSL254_RS00345_1,160,542
SNSL254_RS00140_1,172,584
SNSL254_RS00145_1,130,455
SNSL254_RS00165_1,356,1111
SNSL254_RS00390_1,252,882
SNSL254_RS00400_1,416,1465
SNSL254_RS00405_1,661,2093
SNSL254_RS00215_1,967,2678
SNSL254_RS00210_1,659,1996
SNSL254_RS00075_1,293,994
SNSL254_RS00500_1,224,730
SNSL254_RS00590_1,305,1198
SNSL254_RS00595_1,588,2067
SNSL254_RS00555_1,629,2098
SNSL254_RS00550_1,708,2199
SNSL254_RS00580_1,1255,4136
SNSL254_RS00570_1,667,2366
SNSL254_RS00510_1,867,2931
SNSL254_RS00515_1,465,1551
SNSL254_RS00655_1,251,910
SNSL254_RS00650_1,354,1311
SNSL254_RS00790_1,1126,3509
SNSL254_RS00670_1,433,1385
SNSL254_RS00675_1,184,626
SNSL254_RS00615_1,190,710
SNSL254_RS00635_1,196,713
SNSL254_RS00630_1,235,800
SNSL254_RS00530_1,615,1968
SNSL254_RS00435_1,490,1634
SNSL254_RS00415_1,406,1331
SNSL254_RS00410_1,936,3015
SNSL254_RS00690_1,552,2004
SNSL254_RS00695_1,261,900
SNSL254_RS00830_1,483,1434
SNSL254_RS00495_1,1622,5722
SNSL254_RS00585_1,362,1258
SNSL254_RS00700_1,1191,3993
SNSL254_RS00705_1,193,644
SNSL254_RS00545_1,112,446
SNSL254_RS00540_1,227,736
SNSL254_RS00745_1,209,655
SNSL254_RS00740_1,694,2015
SNSL254_RS00610_1,295,1064
SNSL254_RS00505_1,343,1250
SNSL254_RS00520_1,692,2323
SNSL254_RS00645_1,300,996
SNSL254_RS00665_1,141,471
SNSL254_RS00660_1,1639,5723
SNSL254_RS00600_1,151,524
SNSL254_RS00605_1,253,917
SNSL254_RS00440_1,3911,12550
SNSL254_RS00620_1,123,453
SNSL254_RS00625_1,252,882
SNSL254_RS00420_1,291,888
SNSL254_RS00575_1,839,2995
SNSL254_RS00680_1,143,514
SNSL254_RS00685_1,372,1302
SNSL254_RS06500_1,399,1392
SNSL254_RS00900_1,353,1258
SNSL254_RS00920_1,627,2001
SNSL254_RS00925_1,694,2429
SNSL254_RS00940_1,699,2424
SNSL254_RS00945_1,1008,3294
SNSL254_RS11440_1,828,2322
SNSL254_RS06485_1,112,401
SNSL254_RS00965_1,386,1216
SNSL254_RS06635_1,304,1064
SNSL254_RS06615_1,428,1300
SNSL254_RS00860_1,273,933
SNSL254_RS00865_1,499,1679
SNSL254_RS00985_1,204,678
SNSL254_RS06460_1,669,2274
SNSL254_RS06465_1,1000,3167
SNSL254_RS00990_1,689,2263
SNSL254_RS06415_1,128,421
SNSL254_RS00960_1,172,647
SNSL254_RS10595_1,214,641
SNSL254_RS06515_1,126,441
SNSL254_RS00915_1,334,1142
SNSL254_RS00910_1,613,1997
SNSL254_RS00935_1,1015,3521
SNSL254_RS00930_1,186,651
SNSL254_RS06495_1,127,449
SNSL254_RS06490_1,242,775
SNSL254_RS00890_1,235,728
SNSL254_RS00895_1,185,679
SNSL254_RS00950_1,2515,8330
SNSL254_RS00955_1,265,824
SNSL254_RS00970_1,423,1404
SNSL254_RS11410_1,146,421
SNSL254_RS00885_1,396,1413
SNSL254_RS06420_1,392,1273
SNSL254_RS06410_1,160,515
SNSL254_RS06620_1,211,698
SNSL254_RS06430_1,171,567
SNSL254_RS06435_1,211,761
SNSL254_RS00870_1,3049,9713
SNSL254_RS00875_1,271,1052
SNSL254_RS06450_1,307,1034
SNSL254_RS06455_1,146,529
SNSL254_RS06470_1,485,1558
SNSL254_RS06680_1,407,1537
SNSL254_RS06520_1,194,715
SNSL254_RS06525_1,378,1242
SNSL254_RS11815_1,733,2741
SNSL254_RS11810_1,932,3334
SNSL254_RS11830_1,644,2488
SNSL254_RS11835_1,593,2296
SNSL254_RS16740_1,986,3154
SNSL254_RS11445_1,1371,3912
SNSL254_RS23070_1,286,1028
SNSL254_RS23880_1,512,1747
SNSL254_RS11460_1,272,853
SNSL254_RS23050_1,191,727
SNSL254_RS23055_1,544,1949
SNSL254_RS16730_1,715,2201
SNSL254_RS16735_1,902,2923
SNSL254_RS23895_1,233,739
SNSL254_RS23090_1,156,483
SNSL254_RS16715_1,529,1541
SNSL254_RS21615_1,654,2469
SNSL254_RS24060_1,618,2289
SNSL254_RS21690_1,830,3202
SNSL254_RS23875_1,397,1268
SNSL254_RS21590_1,323,1180
SNSL254_RS14980_1,220,752
SNSL254_RS21580_1,194,688
SNSL254_RS21585_1,177,642
SNSL254_RS11825_1,813,2787
SNSL254_RS11820_1,676,2357
SNSL254_RS11455_1,358,1073
SNSL254_RS21665_1,167,499
SNSL254_RS23075_1,332,1072
SNSL254_RS11840_1,880,3143
SNSL254_RS11845_1,537,2109
SPA_RS00905_1,748,2438
SNSL254_RS11450_1,264,825
SNSL254_RS15050_1,659,2689
SNSL254_RS21340_1,664,1964
SNSL254_RS21345_1,602,2107
SNSL254_RS16745_1,302,1030
SNSL254_RS23085_1,470,1285
SNSL254_RS21625_1,116,460
SNSL254_RS24055_1,1625,5665
SNSL254_RS15070_1,522,1692
SNSL254_RS16720_1,520,1631
SNSL254_RS15015_1,275,1003
SNSL254_RS15030_1,139,473
SNSL254_RS24035_1,1225,4337
SNSL254_RS14965_1,522,1890
SNSL254_RS23865_1,642,2472
SNSL254_RS21680_1,328,1076
SNSL254_RS13630_1,404,1612
SPA_RS12010_1,940,3434
SPA_RS13280_1,1151,4177
SPA_RS13285_1,701,2485
SPA_RS00930_1,530,1729
SPA_RS00935_1,430,1388
SPA_RS12205_1,153,585
SPA_RS00915_1,418,1256
SPA_RS00910_1,393,1407
SPA_RS12510_1,202,815
SPA_RS12515_1,172,764
SPA_RS13175_1,378,1260
SPA_RS05015_1,502,1811
SPA_RS13165_1,719,2638
SPA_RS12125_1,133,434
SPA_RS13170_1,1264,3839
SPA_RS13195_1,421,1343
SPA_RS12100_1,344,1222
SPA_RS13250_1,510,1614
SPA_RS13255_1,350,1171
SPA_RS13215_1,162,612
SPA_RS13295_1,142,515
SPA_RS13235_1,227,655
SPA_RS13230_1,238,788
SPA_RS00920_1,421,1298
SPA_RS13210_1,1414,4499
SPA_RS12185_1,583,2117
SPA_RS00925_1,1765,6029
SPA_RS13315_1,272,934
SPA_RS12860_1,370,1448
SPA_RS12120_1,423,1449
SPA_RS12180_1,980,3331
SPA_RS12175_1,138,483
SPA_RS12540_1,419,1687
SPA_RS12135_1,198,675
SPA_RS12130_1,243,846
SPA_RS13260_1,351,1116
SPA_RS13180_1,552,1626
SPA_RS12140_1,119,520
SPA_RS13245_1,840,2544
SPA_RS13240_1,320,1048
SPA_RS13225_1,234,765
SPA_RS13200_1,841,2714
SPA_RS13205_1,217,773
SPA_RS12115_1,221,760
SPAB_RS04055_1,171,648
SPAB_RS04260_1,237,762
SPAB_RS04255_1,505,1646
SPAB_RS04305_1,118,458
SPAB_RS04185_1,1115,3745
SPAB_RS04180_1,548,1927
SPA_RS22765_1,222,840
SPAB_RS04080_1,173,601
SPAB_RS04660_1,499,1823
SPA_RS21755_1,170,568
SPAB_RS05260_1,1056,3435
SPAB_RS08875_1,316,1133
SPAB_RS04175_1,947,3319
SPAB_RS08825_1,181,818
SPAB_RS04680_1,411,1290
SPAB_RS04685_1,2319,7833
SPAB_RS09010_1,212,823
SPAB_RS00950_1,430,1352
SPAB_RS04235_1,1449,4716
SPAB_RS04720_1,224,685
SPAB_RS04700_1,298,1097
SPAB_RS04250_1,697,2435
SPAB_RS09000_1,243,873
SPAB_RS04200_1,318,1131
SPAB_RS04170_1,905,3091
SPAB_RS04190_1,702,1881
SPAB_RS04695_1,798,2757
SPAB_RS04675_1,516,1815
SPAB_RS04670_1,660,2265
SPA_RS21745_1,344,1348
SPA_RS21740_1,607,2381
SPAB_RS04285_1,812,2590
SPAB_RS08915_1,249,957
SPAB_RS04050_1,98,352
SPAB_RS09005_1,485,1846
SPAB_RS04690_1,542,1726
SPAB_RS04220_1,1029,3156
SPAB_RS04225_1,331,983
SPAB_RS04715_1,248,814
SPAB_RS00945_1,522,1692
SPAB_RS04245_1,174,654
SPAB_RS10935_1,941,3055
SPAB_RS21870_1,157,527
SPAB_RS21810_1,1145,3580
SPAB_RS21815_1,800,2548
SPAB_RS21830_1,513,1494
SPAB_RS10930_1,570,1680
SPAB_RS21795_1,1248,3774
SPAB_RS21790_1,343,989
SPAB_RS21890_1,190,548
SPAB_RS09090_1,434,1393
SPAB_RS13985_1,689,2785
SPAB_RS13560_1,1018,3563
SPAB_RS21710_1,658,2087
SPAB_RS09230_1,197,766
SPAB_RS21735_1,417,1374
SPAB_RS21730_1,548,1684
SPAB_RS09250_1,742,2687
SPAB_RS21750_1,507,1662
SPAB_RS21755_1,1479,4551
SPAB_RS09015_1,739,2456
SPAB_RS21885_1,233,721
SPAB_RS21775_1,143,586
SPAB_RS21845_1,638,1963
SPAB_RS21840_1,817,2549
SPAB_RS14010_1,502,1838
SPAB_RS21860_1,404,1189
SPAB_RS21865_1,397,1277
SPAB_RS21800_1,809,2512
SPAB_RS21805_1,392,1102
SPAB_RS21820_1,435,1356
SPAB_RS21825_1,350,1090
SPAB_RS10925_1,587,1951
SPAB_RS10920_1,737,2242
SPAB_RS21780_1,168,579
SPAB_RS13590_1,643,1985
SPAB_RS21880_1,557,1729
SPAB_RS21725_1,171,594
SPAB_RS21740_1,152,541
SPAB_RS21745_1,882,2817
SPAB_RS09020_1,212,706
SPAB_RS09240_1,350,1162
SPAB_RS09245_1,158,553
SPAB_RS21765_1,135,477
SPAB_RS13930_1,519,2001
SPAB_RS13935_1,963,3879
SPAB_RS21895_1,274,824
SPAB_RS21850_1,493,1649
SPAB_RS21785_1,1037,3013
SPAB_RS21990_1,539,1666
SPAB_RS22040_1,379,1259
SPAB_RS21900_1,279,864
SPAB_RS22020_1,544,1886
SPAB_RS22025_1,366,1164
SPAB_RS22190_1,697,2354
SPAB_RS22185_1,877,2777
SPAB_RS22180_1,381,1257
SPC_RS04325_1,370,1142
SPAB_RS21960_1,245,772
SPAB_RS21965_1,1043,3592
SPAB_RS21920_1,188,640
SPC_RS22095_1,274,896
SPAB_RS21970_1,178,668
SPAB_RS21975_1,503,1774
SPAB_RS22205_1,639,2223
SPAB_RS22120_1,607,2066
SPC_RS06525_1,116,451
SPAB_RS21945_1,301,923
SPAB_RS22145_1,427,1445
SPC_RS07900_1,214,911
SPC_RS23060_1,832,2975
SPAB_RS21985_1,395,1423
SPC_RS05015_1,108,405
SPC_RS06490_1,440,1621
SPAB_RS22140_1,207,720
SPAB_RS22010_1,695,2446
SPAB_RS22015_1,1213,4214
SPAB_RS22200_1,1065,3525
SPAB_RS22195_1,333,1071
SPC_RS04485_1,308,1186
SPAB_RS22095_1,332,1045
SPC_RS06575_1,826,2936
SPAB_RS22130_1,277,974
SPAB_RS21935_1,297,927
SPAB_RS22115_1,187,614
SPAB_RS22110_1,721,2717
SPAB_RS21915_1,1106,3475
SPAB_RS22135_1,240,858
SPAB_RS22075_1,324,1170
SPAB_RS22150_1,705,2274
SPC_RS06515_1,580,2102
SPAB_RS21950_1,690,2226
SPAB_RS21955_1,989,3196
SPAB_RS22175_1,427,1517
SPAB_RS22170_1,178,659
SPC_RS06300_1,114,462
SSU5_091_1,363,1122
ST64Tp25_1,473,1642
STBHUCCB_RS24350_1,257,994
SSU5_072_1,323,1189
STBHUCCB_RS24070_1,272,880
SSU5_068_1,151,488
STBHUCCB_RS24150_1,442,1376
SPN9CC_0030_1,125,496
ST64Tp18_1,123,480
ST64Tp19_1,67,275
ST64Tp37_1,203,841
STBHUCCB_RS24295_1,142,524
SSU5_043_1,324,1107
STBHUCCB_RS23830_1,1466,4528
STBHUCCB_RS23810_1,835,2504
STBHUCCB_RS23895_1,166,671
SSU5_112_1,140,517
STL3553_RS17395_1,569,2239
STM1868A_1,101,403
STM14_RS08625_1,571,2219
STBHUCCB_RS24355_1,341,1441
STM1550_1,190,665
STM0523_1,925,3161
STM2698_1,85,275
STM2699_1,232,677
STM2696_1,350,1108
STM2697_1,2114,6310
STM14_RS06845_1,148,509
STM2701_1,876,2643
STM14_RS06800_1,102,474
STM1864_1,459,1386
STM1862_1,658,2087
STM1863_1,107,370
STM0924_1,370,1205
STBHUCCB_RS24480_1,499,1598
STM2238_1,830,3166
STBHUCCB_RS24485_1,562,1814
STBHUCCB_RS24510_1,2650,8195
STBHUCCB_RS24515_1,1354,4046
STBHUCCB_RS24465_1,469,1664
STM0905_1,261,936
STM14_RS06760_1,162,522
STM0898A_1,179,586
STM0920_1,372,1185
STM1014_1,679,2273
STM1228_1,882,3123
STBHUCCB_RS24490_1,844,2387
STM2700_1,360,1188
STM0898_1,454,1634
STBHUCCB_RS24505_1,458,1648
STBHUCCB_RS24500_1,880,2936
STM04875_1,205,749
STBHUCCB_RS24495_1,1222,3503
STM14_RS06750_1,728,2530
STBHUCCB_RS24615_1,357,1191
STM474_RS24595_1,906,2973
STM474_RS13760_1,355,1211
STM474_RS24690_1,631,1889
STM2718_1,321,1074
STM2717_1,148,464
STM2716_1,160,488
STM2710_1,422,1315
STM474_RS14070_1,155,529
STM474_RS24700_1,139,500
STM474_RS24705_1,1547,4843
STM474_RS24475_1,420,1569
STM474_RS24590_1,150,471
STM474_RS24645_1,273,1086
STM474_RS24640_1,798,2406
STM474_RS24320_1,313,992
STM474_RS24290_1,677,2248
STM474_RS24295_1,276,903
STM474_RS24695_1,137,484
STM474_RS24430_1,227,772
STM4286_1,596,2131
STM2708_1,700,2027
STM2709_1,276,804
STM474_RS14085_1,187,641
STM474_RS24710_1,192,663
STM2726_1,511,1685
STM2724_1,1066,4028
STM2722_1,1185,4116
STM2721_1,594,1908
STM474_RS24480_1,1554,4935
STM3355_1,636,2064
STMDT12_RS01745_1,140,472
STM474_RS24305_1,626,2155
STM474_RS24650_1,184,581
STM474_RS24655_1,378,1323
STM474_RS13720_1,228,789
STM474_RS24285_1,280,845
STMDT12_RS01675_1,411,1524
STMDT12_RS01670_1,173,682
STMDT12_RS24325_1,395,1234
STMMW_00241_1,371,1267
STMMW_00201_1,400,1229
STMMW_00411_1,597,2103
STMMW_00281_1,215,775
STMMW_00391_1,1150,3998
STMDT12_RS24320_1,131,445
STMMW_00341_1,1067,3649
STMMW_00351_1,468,1818
STMDT12_RS13775_1,579,1941
STMMW_00261_1,530,1666
STMMW_00291_1,295,1055
STMDT12_RS24315_1,169,569
STMDT12_RS24310_1,844,2567
STMDT12_RS24345_1,950,2668
STMMW_00271_1,586,1952
STMMW_00251_1,384,1173
STMMW_00231_1,708,2316
STMMW_00211_1,519,1542
STMMW_00421_1,1344,4776
STMMW_00331_1,1139,4018
STMMW_02011_1,407,1276
STMMW_02061_1,401,1192
STMMW_01561_1,1001,3121
STMMW_02041_1,347,1057
STMMW_02021_1,1820,6154
STMMW_00531_1,465,1596
STMMW_02001_1,1650,4524
STMMW_02581_1,535,1778
STMMW_01671_1,763,2099
STMMW_00851_1,206,667
STMMW_01811_1,1702,5939
STMMW_02731_1,383,1246
STMMW_01031_1,444,1419
STMMW_02671_1,360,1125
STMMW_02711_1,1998,5922
STMMW_02691_1,601,1874
STMMW_01681_1,950,2866
STMMW_02561_1,954,2574
STMMW_02541_1,580,1832
STMMW_00581_1,992,3031
STMMW_00601_1,218,664
STMMW_02111_1,488,1384
STMMW_01701_1,577,1727
STMMW_00641_1,674,2053
STMMW_02071_1,594,1926
STMMW_01821_1,488,1564
STMMW_02051_1,333,1098
STMMW_00541_1,1090,3770
STMMW_02031_1,533,1726
STMMW_00521_1,686,2077
STMMW_02651_1,730,2258
STMMW_00431_1,964,3158
STMMW_01831_1,394,1226
STMMW_01061_1,250,1010
STMMW_02741_1,1022,3460
STMMW_01801_1,737,2503
STMMW_00711_1,433,1358
STMMW_00841_1,274,977
STMMW_02641_1,821,2347
STMMW_01281_1,1298,4003
STMMW_02701_1,603,2106
STMMW_02661_1,1448,4204
STMMW_00631_1,377,1279
STMMW_02161_1,834,2640
STMMW_01121_1,538,1586
STMMW_00611_1,635,1975
STMMW_01691_1,740,2212
STMMW_00591_1,748,2384
STMMW_03461_1,80,352
STMMW_03441_1,189,666
STMMW_02921_1,292,959
STMMW_03581_1,988,3143
STMMW_03582_1,152,658
STMMW_03631_1,297,1044
STMMW_02811_1,310,1148
STMMW_02791_1,316,1142
STMMW_03261_1,449,1396
STMMW_03561_1,177,669
STMMW_02771_1,298,1043
STMMW_03341_1,635,2353
STMMW_03501_1,194,706
STMMW_03711_1,129,483
STMMW_03522_1,109,404
STMMW_03521_1,232,767
STMMW_03101_1,503,1639
STMMW_03121_1,327,1086
STMMW_02991_1,260,1081
STMMW_03161_1,141,507
STMMW_02951_1,320,1021
STMMW_02971_1,141,651
STMMW_03431_1,195,687
STMMW_03391_1,485,1783
STMMW_03661_1,386,1450
STMMW_02871_1,1000,2915
STMMW_03602_1,130,500
STMMW_03471_1,116,451
STMMW_03451_1,447,1677
STMMW_02851_1,375,1236
STMMW_02861_1,1005,3027
STMMW_03551_1,154,494
STMMW_02831_1,235,917
STMMW_03681_1,137,475
STMMW_03511_1,120,483
STMMW_03721_1,360,1152
STMMW_03531_1,597,2175
STMMW_03091_1,351,1188
STMMW_03111_1,1776,5757
STMMW_03131_1,564,1902
STMMW_03132_1,149,499
STMMW_03151_1,621,2223
STMMW_03011_1,77,319
STMMW_02941_1,1547,5023
STMMW_03421_1,284,949
STMMW_04171_1,391,1535
STMMW_03841_1,979,3179
STMMW_04221_1,951,2730
STMMW_04151_1,331,1136
STMMW_03821_1,365,1318
STMMW_04131_1,1129,3596
STMMW_03801_1,625,2111
STMMW_04111_1,494,1801
STMMW_03771_1,326,1141
STMMW_03981_1,886,2831
STMMW_04001_1,446,1435
STMMW_04021_1,640,2105
STMMW_04061_1,542,1735
STMMW_03791_1,1411,5123
STMMW_04081_1,1816,5888
STMMW_04241_1,332,1063
STMMW_04181_1,130,545
STMMW_04161_1,332,1243
STMMW_03881_1,931,3182
STMMW_03871_1,501,1569
STMMW_04141_1,489,1743
STMMW_03851_1,526,1580
STMMW_04251_1,145,440
STMMW_03831_1,340,1163
STMMW_04101_1,394,1217
STMMW_03811_1,936,2943
STMMW_03861_1,296,1072
STMMW_04311_1,747,2286
STMMW_03991_1,1015,3251
STMMW_04331_1,729,2286
STMMW_04011_1,619,2018
STMMW_04031_1,682,2216
STMMW_04201_1,1156,3380
STMMW_04051_1,245,952
STMMW_04211_1,2385,7119
STMMW_04071_1,945,3033
STMMW_04091_1,522,1764
STMMW_03781_1,957,3543
STMMW_03971_1,208,764
STMMW_04191_1,243,837
STMMW_05831_1,773,2512
STMMW_06381_1,773,2359
STMMW_05851_1,325,1124
STMMW_06411_1,335,1078
STMMW_05871_1,1268,4078
STMMW_06191_1,208,728
STMMW_05891_1,633,2004
STMMW_04791_1,259,839
STMMW_06071_1,306,1008
STMMW_05971_1,1251,3744
STMMW_04341_1,1467,4860
STMMW_04961_1,613,1781
STMMW_07081_1,424,1403
STMMW_05951_1,848,2860
STMMW_05011_1,780,2532
STMMW_04431_1,1955,6856
STMMW_06761_1,1547,5293
STMMW_06371_1,670,2291
STMMW_05991_1,604,1826
STMMW_06781_1,596,1708
STMMW_05801_1,584,1909
STMMW_04981_1,862,2468
STMMW_06851_1,433,1223
STMMW_05821_1,529,1451
STMMW_05841_1,667,2114
STMMW_06421_1,325,1025
STMMW_06391_1,613,1952
STMMW_04801_1,511,1568
STMMW_05861_1,618,1839
STMMW_06401_1,533,1492
STMMW_05661_1,587,1798
STMMW_04821_1,247,734
STMMW_05881_1,502,1829
STMMW_06231_1,1091,3868
STMMW_05921_1,981,2916
STMMW_06001_1,679,2003
STMMW_06251_1,245,844
STMMW_05901_1,890,2881
STMMW_05961_1,726,2424
STMMW_05001_1,518,1642
STMMW_05941_1,525,1833
STMMW_05021_1,600,1839
STMMW_06361_1,1897,6293
STMMW_06081_1,411,1227
STMMW_06771_1,356,1318
STMMW_05981_1,888,2892
STMMW_06751_1,395,1288
STMMW_05811_1,772,2279
STMMW_04991_1,662,2173
STMMW_07821_1,486,2016
STMMW_07341_1,758,2500
STMMW_07151_1,837,2682
STMMW_08161_1,651,2301
STMMW_07801_1,480,1653
STMMW_07141_1,222,804
STMMW_08141_1,553,1985
STMMW_07731_1,403,1298
STMMW_09771_1,403,1451
STMMW_08231_1,608,1723
STMMW_08001_1,192,654
STMMW_09601_1,491,1561
STMMW_09602_1,112,365
STMMW_07771_1,588,2103
STMMW_08211_1,538,1559
STMMW_09081_1,753,2739
STMMW_07751_1,559,1664
STMMW_09101_1,584,2089
STMMW_08291_1,620,2107
STMMW_07231_1,987,3432
STMMW_09801_1,1002,3264
STMMW_07371_1,391,1337
STMMW_08131_1,372,1266
STMMW_08361_1,568,1889
STMMW_07161_1,673,1982
STMMW_09781_1,661,1931
STMMW_07331_1,299,1123
STMMW_08301_1,1087,3341
STMMW_08171_1,896,2911
STMMW_07781_1,728,2674
STMMW_08151_1,541,2015
STMMW_09071_1,662,2182
STMMW_08921_1,889,2909
STMMW_07091_1,806,2479
STMMW_07541_1,550,1763
STMMW_08901_1,492,1740
STMMW_08221_1,849,2391
STMMW_09611_1,282,924
STMMW_07241_1,1186,3854
STMMW_09091_1,1125,3933
STMMW_09111_1,312,966
STMMW_07201_1,467,1657
STMMW_08981_1,697,2129
STMMW_07191_1,591,2397
STMMW_08611_1,394,1433
STMMW_12331_1,622,2411
STMMW_10271_1,252,792
STMMW_10681_1,395,1666
STMMW_10471_1,417,1284
STMMW_10231_1,271,962
STMMW_10431_1,1107,3537
STMMW_10371_1,283,1067
STMMW_10441_1,1416,4749
STMMW_10411_1,361,1241
STMMW_11421_1,742,2579
STMMW_11391_1,754,2729
STMMW_10171_1,163,584
STMMW_10601_1,1895,5422
STMMW_10291_1,158,715
STMMW_11401_1,422,1657
STMMW_10331_1,106,335
STMMW_11001_1,597,2031
STMMW_10161_1,862,3017
STMMW_10661_1,429,1452
STMMW_10501_1,266,931
STMMW_10341_1,544,1850
STMMW_10461_1,218,682
STMMW_12471_1,474,1524
STMMW_10951_1,582,1758
STMMW_11361_1,633,2013
STMMW_10561_1,457,1631
STMMW_11961_1,500,1732
STMMW_10581_1,413,1216
STMMW_10481_1,278,928
STMMW_10261_1,519,1731
STMMW_12341_1,625,1967
STMMW_10991_1,449,1594
STMMW_12361_1,842,2848
STMMW_10422_1,144,477
STMMW_10421_1,1495,4913
STMMW_10401_1,354,1149
STMMW_12241_1,733,2165
STMMW_10451_1,242,730
STMMW_11381_1,514,1529
STMMW_10361_1,80,298
STMMW_09901_1,531,1755
STMMW_11411_1,923,2920
STMMW_12461_1,210,780
STMMW_10121_1,319,1067
STMMW_10511_1,177,615
STMMW_10531_1,224,775
STMMW_11701_1,168,570
STMMW_11951_1,702,2178
STMMW_11371_1,1047,3444
STMMW_11971_1,154,521
STMMW_13691_1,230,850
STMMW_15521_1,838,2771
STMMW_15511_1,1096,3260
STMMW_15301_1,226,800
STMMW_15171_1,695,2014
STMMW_15281_1,385,1244
STMMW_13571_1,1178,3745
STMMW_13391_1,790,2882
STMMW_15421_1,916,2945
STMMW_15891_1,2125,6821
STMMW_15401_1,445,1571
STMMW_13822_1,175,536
STMMW_13661_1,589,2012
STMMW_15441_1,959,2767
STMMW_13641_1,1111,3551
STMMW_13861_1,465,1749
STMMW_15761_1,655,2027
STMMW_13621_1,581,2092
STMMW_15741_1,481,1607
STMMW_12491_1,718,2657
STMMW_16001_1,384,1227
STMMW_14531_1,608,1975
STMMW_12941_1,604,1970
STMMW_15661_1,635,1840
STMMW_15311_1,668,1996
STMMW_15461_1,336,1131
STMMW_15141_1,365,1219
STMMW_15011_1,489,1671
STMMW_15491_1,953,3448
STMMW_15961_1,259,938
STMMW_15391_1,725,2551
STMMW_15291_1,665,2386
STMMW_15411_1,723,2355
STMMW_15061_1,725,2335
STMMW_15271_1,662,2182
STMMW_15181_1,151,497
STMMW_13671_1,881,2827
STMMW_13851_1,630,2052
STMMW_15451_1,1094,3424
STMMW_13871_1,832,2849
STMMW_13631_1,759,2697
STMMW_13611_1,556,1739
STMMW_14731_1,1276,3845
STMMW_15631_1,398,1528
STMMW_15671_1,740,2527
STMMW_15501_1,735,2289
STMMW_13591_1,968,2893
STMMW_16311_1,486,1557
STMMW_16151_1,835,2774
STMMW_16111_1,307,1007
STMMW_16701_1,533,1609
STMMW_16721_1,659,2059
STMMW_18931_1,1295,4321
STMMW_18471_1,352,1079
STMMW_16081_1,193,653
STMMW_16221_1,809,2548
STMMW_18451_1,241,947
STMMW_17521_1,965,3463
STMMW_16261_1,760,2921
STMMW_16671_1,777,2553
STMMW_16241_1,278,928
STMMW_16651_1,620,1918
STMMW_16631_1,557,1936
STMMW_16281_1,482,1804
STMMW_18801_1,402,1398
STMMW_18861_1,571,1886
STMMW_17771_1,794,3004
STMMW_16301_1,490,1706
STMMW_18511_1,184,644
STMMW_16121_1,472,1427
STMMW_16691_1,440,1333
STMMW_16101_1,559,1862
STMMW_16711_1,574,2036
STMMW_19151_1,429,1488
STMMW_16381_1,307,1043
STMMW_16731_1,667,2123
STMMW_19781_1,291,969
STMMW_16091_1,873,2646
STMMW_16231_1,208,620
STMMW_16201_1,709,2063
STMMW_16211_1,1152,3726
STMMW_16271_1,248,787
STMMW_16191_1,950,3082
STMMW_16641_1,1406,4543
STMMW_16071_1,833,2524
STMMW_16811_1,191,754
STMMW_16621_1,386,1288
STMMW_16011_1,938,2599
STMMW_19761_1,886,2921
STMMW_16291_1,490,1454
STMMW_18481_1,258,1002
STMMW_20291_1,344,1204
STMMW_20431_1,199,782
STMMW_19861_1,402,1164
STMMW_20471_1,815,2398
STMMW_20181_1,279,891
STMMW_19881_1,298,944
STMMW_20301_1,402,1452
STMMW_20491_1,390,1248
STMMW_20341_1,639,2331
STMMW_19911_1,1005,3018
STMMW_20381_1,1184,4630
STMMW_20241_1,452,1636
STMMW_19932_1,242,739
STMMW_20261_1,558,1926
STMMW_19951_1,1126,3365
STMMW_19952_1,120,375
STMMW_20521_1,505,1529
STMMW_20061_1,190,719
STMMW_20201_1,332,1117
STMMW_19971_1,340,1046
STMMW_20541_1,580,1679
STMMW_20221_1,804,2670
STMMW_19991_1,219,753
STMMW_19992_1,133,470
STMMW_20021_1,794,2554
STMMW_20022_1,147,402
STMMW_20051_1,243,810
STMMW_20281_1,159,534
STMMW_20461_1,689,2101
STMMW_19891_1,379,1223
STMMW_20331_1,161,568
STMMW_20311_1,551,1951
STMMW_20481_1,584,1648
STMMW_20171_1,601,1982
STMMW_19901_1,777,2400
STMMW_19921_1,1455,4332
STMMW_20391_1,1092,4101
STMMW_20271_1,365,1255
STMMW_19941_1,246,825
STMMW_20511_1,577,1871
STMMW_20211_1,569,1888
STMMW_20531_1,193,653
STMMW_20231_1,486,1647
STMMW_19981_1,290,925
STMMW_20031_1,1165,4037
STMMW_20011_1,457,1496
STMMW_20591_1,793,2375
STMMW_20601_1,579,1743
STMMW_21261_1,583,2054
STMMW_20621_1,443,1375
STMMW_20861_1,328,1031
STMMW_20641_1,448,1451
STMMW_20841_1,400,1265
STMMW_20661_1,989,3151
STMMW_21131_1,922,3371
STMMW_20821_1,837,2502
STMMW_20801_1,743,2290
STMMW_20771_1,494,1405
STMMW_21171_1,667,2519
STMMW_20751_1,250,803
STMMW_20731_1,374,1192
STMMW_21381_1,349,1073
STMMW_20881_1,661,2048
STMMW_20691_1,212,643
STMMW_20561_1,542,1843
STMMW_21211_1,909,3033
STMMW_20791_1,231,597
STMMW_20581_1,523,1655
STMMW_21181_1,611,2395
STMMW_21231_1,499,1823
STMMW_20611_1,422,1315
STMMW_21251_1,368,1288
STMMW_20631_1,848,2572
STMMW_21271_1,651,2049
STMMW_20871_1,863,2782
STMMW_20651_1,714,2166
STMMW_20671_1,593,2143
STMMW_20851_1,263,790
STMMW_20831_1,1066,3002
STMMW_20811_1,1041,3144
STMMW_20761_1,364,1085
STMMW_21141_1,971,3331
STMMW_21351_1,998,3115
STMMW_20741_1,1425,4074
STMMW_21161_1,610,2225
STMMW_21401_1,692,2206
STMMW_20721_1,502,1523
STMMW_20701_1,542,1564
STMMW_21321_1,886,2957
STMMW_20551_1,522,1620
STMMW_21201_1,547,2153
STMMW_20781_1,396,1080
STMMW_20711_1,1178,3817
STMMW_20571_1,596,1780
STMMW_21221_1,702,2538
STMMW_22071_1,857,2725
STMMW_23381_1,1255,4091
STMMW_23631_1,599,1894
STMMW_24191_1,846,2736
STMMW_21871_1,304,1073
STMMW_21701_1,260,802
STMMW_22691_1,247,860
STMMW_22751_1,138,474
STMMW_23151_1,823,2831
STMMW_23131_1,572,1840
STMMW_21811_1,1659,5811
STMMW_22631_1,288,1044
STMMW_22281_1,975,3129
STMMW_21411_1,800,2566
STMMW_22671_1,224,766
STMMW_22121_1,652,2075
STMMW_22101_1,737,2377
STMMW_23971_1,242,865
STMMW_21611_1,1058,3181
STMMW_22786_1,577,1403
STMMW_23951_1,243,882
STMMW_24011_1,1499,4684
STMMW_22271_1,269,901
STMMW_22701_1,701,2287
STMMW_21881_1,338,1255
STMMW_23161_1,564,1785
STMMW_21841_1,208,638
STMMW_23371_1,696,2310
STMMW_22971_1,796,2813
STMMW_23141_1,1006,2864
STMMW_21821_1,445,1607
STMMW_22401_1,424,1574
STMMW_21801_1,695,2329
STMMW_22291_1,605,2059
STMMW_22602_1,85,302
STMMW_21641_1,805,2804
STMMW_22661_1,384,1173
STMMW_21661_1,1374,4962
STMMW_22641_1,356,1228
STMMW_24201_1,966,3210
STMMW_23981_1,348,1209
STMMW_22111_1,1078,2999
STMMW_22561_1,409,1454
STMMW_22301_1,932,3037
STMMW_23961_1,166,581
STMMW_22051_1,131,463
STMMW_24381_1,628,2027
STMMW_24382_1,113,364
STMMW_24561_1,499,1661
STMMW_24711_1,238,752
STMMW_26101_1,499,1445
STMMW_25641_1,620,2017
STMMW_24811_1,614,1906
STMMW_25901_1,876,2715
STMMW_26082_1,177,552
STMMW_26431_1,489,1599
STMMW_25511_1,433,1574
STMMW_24581_1,367,1253
STMMW_26181_1,275,931
STMMW_26371_1,426,1410
STMMW_24421_1,485,1801
STMMW_26391_1,165,582
STMMW_26231_1,749,2338
STMMW_26001_1,936,3546
STMMW_25291_1,968,3082
STMMW_26271_1,166,446
STMMW_25251_1,200,790
STMMW_26291_1,391,1247
STMMW_24721_1,866,2968
STMMW_25891_1,585,2016
STMMW_24391_1,883,2888
STMMW_26131_1,231,759
STMMW_26301_1,269,937
STMMW_25331_1,677,2203
STMMW_26461_1,257,931
STMMW_26321_1,333,1026
STMMW_26341_1,375,1317
STMMW_26421_1,465,1632
STMMW_26361_1,444,1590
STMMW_26191_1,890,2863
STMMW_26381_1,417,1392
STMMW_24411_1,619,1883
STMMW_26011_1,356,1282
STMMW_26221_1,256,824
STMMW_25002_1,33,147
STMMW_26201_1,432,1305
STMMW_26261_1,1131,3612
STMMW_26241_1,263,781
STMMW_26161_1,270,918
STMMW_26281_1,1334,4462
STMMW_26551_1,186,669
STMMW_27831_1,872,3241
STMMW_27271_1,1156,3884
STMMW_28641_1,209,835
STMMW_28701_1,427,1544
STMMW_27461_1,718,2441
STMMW_26471_1,545,1975
STMMW_27251_1,560,1969
STMMW_27401_1,823,2525
STMMW_28681_1,371,1213
STMMW_26651_1,443,1321
STMMW_27701_1,983,3022
STMMW_26491_1,417,1572
STMMW_28351_1,168,561
STMMW_27191_1,803,2140
STMMW_26521_1,225,828
STMMW_27121_1,1536,4674
STMMW_28041_1,1661,5062
STMMW_27331_1,388,1529
STMMW_27101_1,500,1984
STMMW_26561_1,814,2876
STMMW_27161_1,210,645
STMMW_27371_1,358,1262
STMMW_26541_1,176,544
STMMW_28801_1,951,2838
STMMW_27491_1,561,2130
STMMW_27141_1,496,2105
STMMW_28631_1,322,1028
STMMW_28651_1,188,793
STMMW_27181_1,282,843
STMMW_27031_1,8844,25581
STMMW_27241_1,448,1244
STMMW_28671_1,202,671
STMMW_27201_1,718,2324
STMMW_26641_1,634,2066
STMMW_27711_1,290,1006
STMMW_27381_1,1134,3429
STMMW_26481_1,242,919
STMMW_28401_1,1080,3816
STMMW_27091_1,763,2819
STMMW_27281_1,626,2002
STMMW_26531_1,2025,6759
STMMW_26532_1,766,2564
STMMW_27231_1,457,1451
STMMW_28781_1,548,1783
STMMW_27171_1,414,1152
STMMW_27341_1,1199,4750
STMMW_27291_1,1133,4492
STMMW_27151_1,237,834
STMMW_30781_1,930,3048
STMMW_29891_1,545,1687
STMMW_29911_1,526,1607
STMMW_30911_1,324,1134
STMMW_30661_1,633,2391
STMMW_29051_1,372,1311
STMMW_31272_1,121,464
STMMW_29931_1,378,1233
STMMW_29031_1,517,1724
STMMW_29179_1,115,344
STMMW_29171_1,517,1886
STMMW_29011_1,704,2059
STMMW_29971_1,562,1859
STMMW_29221_1,858,2571
STMMW_29241_1,968,3055
STMMW_29861_1,521,1576
STMMW_30121_1,594,2088
STMMW_30431_1,705,2346
STMMW_30451_1,463,1787
STMMW_29821_1,622,1970
STMMW_31291_1,650,2302
STMMW_30801_1,617,1912
STMMW_30821_1,1165,4055
STMMW_30791_1,370,1214
STMMW_31301_1,326,1123
STMMW_29881_1,755,2476
STMMW_29061_1,1049,3622
STMMW_29041_1,740,2437
STMMW_29901_1,1805,5665
STMMW_29021_1,440,1513
STMMW_29921_1,419,1480
STMMW_29001_1,215,676
STMMW_29941_1,275,922
STMMW_29181_1,242,829
STMMW_29231_1,935,3088
STMMW_30421_1,707,2317
STMMW_29251_1,950,3127
STMMW_29871_1,386,1297
STMMW_30441_1,1012,3407
STMMW_29852_1,594,1899
STMMW_29851_1,178,641
STMMW_30461_1,501,1695
STMMW_29831_1,350,1099
STMMW_31281_1,1507,5009
STMMW_30811_1,553,1634
STMMW_30831_1,798,2757
STMMW_31351_1,600,2001
STMMW_31591_1,454,1409
STMMW_32611_1,763,2369
STMMW_31781_1,80,280
STMMW_32001_1,712,2429
STMMW_32551_1,1042,3242
STMMW_32491_1,527,1624
STMMW_32571_1,896,2920
STMMW_31881_1,251,793
STMMW_32511_1,653,2191
STMMW_32231_1,516,1563
STMMW_32531_1,597,1968
STMMW_32081_1,378,1332
STMMW_32082_1,148,536
STMMW_31931_1,353,1141
STMMW_31933_1,148,419
STMMW_31911_1,329,1102
STMMW_32591_1,200,655
STMMW_31971_1,742,2462
STMMW_32101_1,232,785
STMMW_31951_1,578,1672
STMMW_31601_1,1212,3828
STMMW_31361_1,282,897
STMMW_32601_1,1060,3062
STMMW_32621_1,553,1769
STMMW_32481_1,649,2024
STMMW_31791_1,259,749
STMMW_32541_1,631,2114
STMMW_31541_1,452,1564
STMMW_32561_1,591,1830
STMMW_31521_1,1219,4172
STMMW_32501_1,1168,3548
STMMW_32521_1,599,1903
STMMW_31921_1,307,935
STMMW_31901_1,320,1030
STMMW_32111_1,355,1175
STMMW_32581_1,332,1063
STMMW_31941_1,367,1154
STMMW_31981_1,570,1995
STMMW_31861_1,676,2051
STMMW_32061_1,188,658
STMMW_31801_1,379,1178
STMMW_32471_1,847,2591
STMMW_35901_1,646,2288
STMMW_33521_1,412,1442
STMMW_35061_1,178,650
STMMW_33541_1,970,2837
STMMW_33561_1,422,1468
STMMW_36421_1,192,672
STMMW_36231_1,778,2597
STMMW_35811_1,1100,3319
STMMW_33421_1,480,1779
STMMW_33871_1,413,1576
STMMW_35111_1,1152,3600
STMMW_35871_1,768,2364
STMMW_35891_1,557,1981
STMMW_35091_1,817,2837
STMMW_35191_1,990,3015
STMMW_35381_1,740,2176
STMMW_35481_1,156,528
STMMW_35221_1,530,1738
STMMW_33891_1,846,2628
STMMW_34512_1,162,504
STMMW_35201_1,1196,3952
STMMW_33511_1,1350,3978
STMMW_36241_1,783,2241
STMMW_35911_1,480,1680
STMMW_35071_1,183,600
STMMW_36261_1,370,1214
STMMW_33551_1,450,1548
STMMW_32781_1,308,1285
STMMW_36431_1,311,1093
STMMW_35161_1,359,1279
STMMW_36221_1,1037,2941
STMMW_36411_1,349,1109
STMMW_35551_1,88,317
STMMW_35821_1,583,1694
STMMW_36361_1,726,2199
STMMW_35101_1,1139,3523
STMMW_35841_1,888,2838
STMMW_35471_1,276,831
STMMW_35881_1,1003,2957
STMMW_36301_1,387,1224
STMMW_33491_1,533,1663
STMMW_35351_1,325,1142
STMMW_35181_1,839,2491
STMMW_35371_1,481,1805
STMMW_35391_1,740,2365
STMMW_36291_1,472,1625
STMMW_35211_1,620,2098
STMMW_33501_1,1057,2849
STMMW_32901_1,712,2483
STMMW_37031_1,728,2710
STMMW_37921_1,1058,2956
STMMW_37721_1,208,656
STMMW_37701_1,1058,3397
STMMW_36611_1,676,2285
STMMW_37511_1,361,1079
STMMW_37741_1,487,1745
STMMW_38031_1,510,1344
STMMW_37681_1,175,635
STMMW_36671_1,1323,4545
STMMW_37471_1,240,849
STMMW_37451_1,383,1471
STMMW_36851_1,845,2746
STMMW_38131_1,470,1384
STMMW_37591_1,542,1708
STMMW_38111_1,984,3030
STMMW_37601_1,332,1126
STMMW_37621_1,2016,6381
STMMW_36561_1,696,2301
STMMW_36791_1,3138,10020
STMMW_36472_1,263,799
STMMW_37491_1,80,262
STMMW_37911_1,638,2134
STMMW_37931_1,962,3007
STMMW_37731_1,306,1116
STMMW_36601_1,972,2862
STMMW_37711_1,1021,3056
STMMW_36591_1,344,1078
STMMW_38021_1,816,2316
STMMW_38023_1,1570,4226
STMMW_38022_1,419,1255
STMMW_38025_1,145,377
STMMW_38024_1,367,1073
STMMW_38026_1,559,1682
STMMW_36641_1,593,1990
STMMW_37691_1,592,1991
STMMW_36801_1,1273,3695
STMMW_36661_1,569,1879
STMMW_37461_1,2026,6578
STMMW_36841_1,764,2251
STMMW_37671_1,219,753
STMMW_37581_1,624,1959
STMMW_38121_1,788,2659
STMMW_37611_1,341,937
STMMW_36551_1,569,1834
STMMW_38101_1,1943,6265
STMMW_36761_1,146,484
STMMW_37401_1,205,830
STMMW_40361_1,179,622
STMMW_38751_1,1131,3432
STMMW_38981_1,162,513
STMMW_40381_1,684,2196
STMMW_39971_1,177,588
STMMW_38441_1,595,1862
STMMW_39951_1,193,743
STMMW_38321_1,937,2627
STMMW_38451_1,1241,4033
STMMW_39741_1,487,1718
STMMW_39241_1,242,901
STMMW_40161_1,429,1623
STMMW_39831_1,1337,4774
STMMW_38171_1,882,2907
STMMW_38431_1,1065,3057
STMMW_38151_1,475,1595
STMMW_38331_1,658,2222
STMMW_40311_1,699,2181
STMMW_40331_1,496,1673
STMMW_39131_1,236,853
STMMW_40181_1,380,1168
STMMW_40371_1,1153,3626
STMMW_40391_1,1108,3500
STMMW_39962_1,195,741
STMMW_39961_1,675,2115
STMMW_40211_1,499,1760
STMMW_40021_1,623,1888
STMMW_40041_1,681,2496
STMMW_39841_1,609,1965
STMMW_38821_1,227,799
STMMW_39941_1,305,1036
STMMW_39751_1,577,2060
STMMW_39581_1,362,1186
STMMW_40171_1,1019,2905
STMMW_38181_1,796,2786
STMMW_38361_1,1125,3267
STMMW_39771_1,544,2084
STMMW_38301_1,614,2275
STMMW_39791_1,571,1976
STMMW_38141_1,642,1995
STMMW_38311_1,532,2078
STMMW_40301_1,944,3061
STMMW_38481_1,533,1564
STMMW_40321_1,732,2391
STMMW_40401_1,795,2337
STMMW_39121_1,340,1289
STMMW_40421_1,699,2370
STMMW_41591_1,649,2213
STMMW_40991_1,869,2686
STMMW_41571_1,522,1647
STMMW_42121_1,11749,38291
STMMW_41531_1,1041,3603
STMMW_41511_1,822,2526
STMMW_41582_1,157,473
STMMW_40791_1,1634,5260
STMMW_41341_1,1195,4061
STMMW_42062_1,89,289
STMMW_41481_1,385,1433
STMMW_41621_1,330,1245
STMMW_40771_1,830,2410
STMMW_40801_1,647,1990
STMMW_41601_1,1710,5355
STMMW_40821_1,594,1962
STMMW_41441_1,760,2066
STMMW_41661_1,399,1419
STMMW_40451_1,545,1750
STMMW_40731_1,432,1440
STMMW_41641_1,318,1050
STMMW_40691_1,735,2640
STMMW_40671_1,628,1946
STMMW_40411_1,762,2244
STMMW_41931_1,700,2297
STMMW_41681_1,217,827
STMMW_40431_1,593,2035
STMMW_40631_1,1184,4189
STMMW_41581_1,744,2388
STMMW_42111_1,814,3020
STMMW_42131_1,1335,4866
STMMW_40941_1,1270,4265
STMMW_40681_1,719,2278
STMMW_41521_1,258,822
STMMW_41501_1,437,1462
STMMW_40781_1,222,741
STMMW_41351_1,303,1002
STMMW_40761_1,1788,5718
STMMW_40811_1,261,801
STMMW_41491_1,1276,3962
STMMW_41631_1,1025,3259
STMMW_41632_1,132,462
STMMW_40701_1,1073,3598
STMMW_41611_1,227,727
STMMW_41671_1,229,635
STMMW_41471_1,298,1070
STMMW_41651_1,225,720
STMMW_43191_1,445,1472
STMMW_43731_1,1399,4415
STMMW_42591_1,467,1495
STMMW_43711_1,578,1924
STMMW_44291_1,553,1742
STMMW_43771_1,568,1880
STMMW_43751_1,667,2402
STMMW_44341_1,2353,8195
STMMW_43561_1,896,2731
STMMW_44361_1,1419,4836
STMMW_43931_1,175,554
STMMW_44301_1,709,2387
STMMW_44321_1,724,2336
STMMW_43201_1,768,2724
STMMW_43141_1,277,938
STMMW_43601_1,978,3162
STMMW_44381_1,552,1914
STMMW_42381_1,310,1085
STMMW_43161_1,757,2456
STMMW_43621_1,974,3328
STMMW_44221_1,337,1112
STMMW_43641_1,562,1868
STMMW_42691_1,505,1754
STMMW_44201_1,813,2751
STMMW_43681_1,590,2173
STMMW_42671_1,204,678
STMMW_42581_1,627,1695
STMMW_43181_1,279,918
STMMW_43701_1,893,3139
STMMW_44281_1,955,2708
STMMW_43941_1,197,658
STMMW_43761_1,888,2793
STMMW_43571_1,812,2680
STMMW_43741_1,1338,4485
STMMW_44351_1,662,2308
STMMW_44371_1,1729,6083
STMMW_43781_1,589,2066
STMMW_44311_1,346,1247
STMMW_44271_1,682,2315
STMMW_42941_1,190,755
STMMW_43171_1,467,1585
STMMW_42701_1,240,759
STMMW_43611_1,571,1931
STMMW_44391_1,746,2530
STMMW_42571_1,418,1463
STMMW_43631_1,1037,3274
STMMW_43651_1,1103,3415
STMMW_44021_1,293,1048
STMMW_43671_1,553,1922
STMMW_43691_1,685,2348
STMMW_44851_1,772,2414
STU288_RS24180_1,713,2680
STMMW_44811_1,281,988
STMMW_44831_1,597,1743
STMMW_45181_1,528,1542
STY0115_1,809,2818
STU288_RS24215_1,410,1336
STY3845_1,162,585
STU288_RS24210_1,218,790
STY1066_1,502,1694
STMMW_44471_1,188,586
STMMW_45381_1,387,1251
STMMW_44921_1,669,2067
STMMW_44731_1,648,2097
STMMW_45171_1,526,1544
STMMW_45341_1,779,2479
STMMW_44861_1,676,2357
STMMW_44461_1,1112,3784
STMMW_44411_1,2418,8508
STMMW_45131_1,364,1355
STMMW_44431_1,419,1390
STY3086_1,1845,6255
STMMW_45321_1,1085,3190
STY2053_1,162,594
STMMW_44451_1,490,1688
STMMW_44841_1,593,1918
STY4207_1,339,1137
STY1615_1,1160,3628
STMMW_44491_1,453,1761
STMMW_44801_1,1957,6341
STMMW_44821_1,322,1064
STMUK_RS13465_1,641,2338
STY20074a_1,131,454
STMMW_45391_1,449,1567
STMMW_44721_1,2386,8144
STMMW_45351_1,411,1263
STMMW_44741_1,187,677
STMMW_45161_1,511,1613
STMUK_RS13500_1,725,2605
STY2064_1,297,972
STY2061_1,577,1862
STMMW_45371_1,476,1576
STMMW_45141_1,1646,5581
STMMW_45311_1,528,1542
STMMW_44401_1,2376,8658
STU288_RS24175_1,742,2570
STY0203_1,433,1412
STMMW_45331_1,970,3080
STMMW_44421_1,403,1406
T_RS04400_1,156,708
T_RS04465_1,1239,4692
T_RS03700_1,269,1063
T_RS04440_1,199,773
STY4543_1,938,2950
T_RS05660_1,268,974
T_RS04410_1,218,970
T_RS00925_1,767,2761
T_RS03660_1,247,1013
SU5_RS23145_1,1181,4525
T_RS05160_1,107,469
T_RS03645_1,402,1452
T_RS00505_1,318,1005
T_RS01845_1,1037,2770
T_RS03955_1,869,3028
STY4659_1,1613,5875
T_RS01765_1,359,1261
SU5_RS23200_1,220,716
SU5_RS22995_1,264,978
SU5_RS23030_1,155,700
SU5_RS22970_1,370,1403
STY4547_1,451,1457
T_RS04470_1,865,3302
T_RS04450_1,181,764
SU5_RS23115_1,596,2338
T_RS05670_1,367,1262
STY4528_1,945,3087
STY4529_1,528,1812
STY4521_1,742,2363
T_RS03690_1,274,1139
T_RS04395_1,214,947
T_RS04390_1,184,752
STY4823_1,674,2548
STY4827_1,605,1978
T_RS05155_1,1358,4582
T_RS00720_1,658,2168
T_RS03945_1,526,1994
T_RS01755_1,108,369
T_RS03685_1,334,1475
T_RS04420_1,379,1556
T_RS00955_1,429,1326
STY4558_1,512,1711
T_RS09605_1,419,1246
T_RS09600_1,278,892
T_RS07100_1,140,508
T_RS07085_1,153,495
T_RS07080_1,257,895
T_RS09570_1,487,1466
T_RS07090_1,483,1569
T_RS09595_1,393,1299
T_RS09590_1,843,2595
T_RS06985_1,353,1024
T_RS06980_1,808,2540
T_RS07035_1,357,1236
T_RS07045_1,1312,3998
T_RS09550_1,476,1720
T_RS09555_1,209,799
T_RS07005_1,408,1230
T_RS06970_1,276,741
T_RS07025_1,520,1667
T_RS07020_1,468,1485
T_RS06960_1,343,1052
T_RS06965_1,339,1002
T_RS09535_1,88,326
T_RS09530_1,252,810
T_RS06940_1,202,644
T_RS06925_1,669,1986
T_RS09610_1,282,942
T_RS06900_1,829,2483
T_RS08155_1,269,1009
T_RS07110_1,248,922
T_RS06895_1,423,1314
T_RS07095_1,149,544
T_RS06875_1,432,1422
T_RS07050_1,845,2656
T_RS07075_1,230,679
T_RS07070_1,201,618
T_RS09545_1,277,1010
T_RS07010_1,240,696
T_RS09565_1,217,692
T_RS09560_1,683,2413
T_RS06990_1,581,1885
T_RS06995_1,1062,3429
T_RS07030_1,284,769
T_RS09505_1,452,1654
T_RS06975_1,697,2165
T_RS09520_1,460,1583
T_RS09525_1,906,2694
T_RS06955_1,188,577
T_RS07055_1,175,635
T_RS06930_1,1805,5593
T_RS15400_1,300,1212
T_RS14415_1,411,1398
T_RS12950_1,432,1296
T_RS12955_1,508,1625
T_RS13145_1,248,958
T_RS13140_1,294,984
T_RS09625_1,374,1120
T_RS09620_1,676,2150
T_RS13510_1,119,403
T_RS13165_1,61,236
T_RS13160_1,173,700
T_RS13055_1,384,1650
T_RS15390_1,151,650
T_RS15395_1,160,677
T_RS14960_1,152,460
T_RS14965_1,487,1673
T_RS12935_1,277,1091
T_RS12930_1,333,1521
T_RS15415_1,366,1587
T_RS09680_1,302,868
T_RS13035_1,262,1070
T_RS09730_1,339,1155
T_RS09735_1,115,425
T_RS12960_1,265,869
T_RS14505_1,344,1069
T_RS14500_1,385,1136
T_RS13090_1,294,1092
T_RS09650_1,538,1721
T_RS09655_1,157,527
T_RS13110_1,320,1165
T_RS09790_1,187,704
T_RS09795_1,523,1835
T_RS09675_1,220,626
T_RS09800_1,442,1601
T_RS12940_1,754,2486
T_RS12945_1,1893,6171
T_RS09630_1,870,2829
T_RS14420_1,1020,3588
T_RS13505_1,496,1826
T_RS14970_1,982,3410
T_RS13450_1,461,1780
T_RS13040_1,169,614
T_RS14950_1,797,2569
T_RS14955_1,283,950
T_RS13465_1,352,1151
T_RS14515_1,742,2615
T_RS09740_1,189,612
T_RS09785_1,145,458
T_RS13455_1,535,1931
T_RS09660_1,250,884
T_RS17325_1,190,710
T_RS20000_1,758,2743
T_RS21710_1,278,847
T_RS17300_1,176,526
T_RS21730_1,313,1037
T_RS21585_1,980,2755
T_RS19940_1,452,1510
T_RS20960_1,507,1770
T_RS20965_1,588,2004
T_RS21700_1,162,558
T_RS21705_1,274,815
T_RS17290_1,142,533
T_RS18605_1,427,1301
T_RS19990_1,420,1524
T_RS21615_1,1255,3893
T_RS21610_1,468,1296
T_RS18765_1,713,2356
T_RS18225_1,254,871
T_RS21675_1,379,1124
T_RS21670_1,504,1557
T_RS18205_1,1638,5607
T_RS18200_1,413,1351
T_RS17270_1,96,363
T_RS17275_1,371,1339
T_RS21650_1,348,1056
T_RS19995_1,258,885
T_RS17845_1,127,485
T_RS21690_1,547,1730
T_RS17390_1,274,860
T_RS21570_1,161,496
T_RS21530_1,197,586
T_RS21545_1,174,573
T_RS21725_1,1067,3370
T_RS21720_1,664,2036
T_RS17195_1,539,1693
T_RS21565_1,295,1055
T_RS17280_1,150,516
T_RS20155_1,189,648
T_RS20970_1,596,1924
T_RS18775_1,843,2541
T_RS21660_1,684,2061
T_RS21535_1,507,1662
T_RS17435_1,415,1367
T_RS17850_1,1094,3352
T_RS21680_1,417,1293
T_RS21540_1,375,1299
T_RS21520_1,1249,4151
T_RS17340_1,474,1749
T_RS18625_1,751,2453
T_RS17330_1,564,2073
X506_RS04410_1,387,1368
T_RS22115_1,1379,4534
T_RS21755_1,687,2220
T_RS21750_1,284,895
T_RS21805_1,162,468
T_RS22135_1,760,2444
T_RS22130_1,541,1844
T_RS21775_1,831,2913
T_RS21825_1,1416,4434
T_RS21820_1,336,1041
T_RS22155_1,861,2973
T_RS22150_1,703,2438
T_RS22175_1,1112,3658
T_RS22165_1,123,444
T_RS23120_1,2213,7687
T_RS23125_1,119,466
T_RS22195_1,263,1096
T_RS22385_1,217,746
T_RS21855_1,247,887
T_RS22015_1,637,2558
T_RS22010_1,662,2533
X506_RS04365_1,495,1728
X506_RS04405_1,487,1484
X506_RS04340_1,1312,3962
X506_RS04420_1,397,1205
X506_RS04400_1,448,1298
T_RS21745_1,267,894
T_RS21810_1,337,1022
T_RS21760_1,1022,3271
T_RS21835_1,601,2099
T_RS22120_1,887,3028
T_RS22125_1,490,1598
T_RS21780_1,450,1476
T_RS22140_1,1207,4004
T_RS22160_1,342,1278
T_RS22645_1,926,3241
T_RS21765_1,241,758
X506_RS04390_1,504,1674
T_RS21830_1,658,2069
T_RS23035_1,246,717
T_RS22005_1,437,1651
X506_RS04345_1,237,852
T_RS23010_1,168,552
T_RS22990_1,691,2540
X506_RS04370_1,314,1063
X506_RS04375_1,580,2003
X506_RS04295_1,714,2733
X506_RS04435_1,370,1376
X506_RS22805_1,432,1269
X506_RS22800_1,589,1607
X506_RS22860_1,266,841
X506_RS22840_1,456,1380
X506_RS20620_1,580,1868
X506_RS22885_1,500,1345
X506_RS22960_1,226,818
X506_RS23150_1,123,462
X506_RS23030_1,560,1780
X506_RS14220_1,177,678
X506_RS23040_1,147,519
X506_RS18345_1,764,2728
X506_RS19700_1,243,972
X506_RS22955_1,102,339
X506_RS05940_1,583,1847
X506_RS05945_1,877,2921
X506_RS22970_1,265,860
X506_RS23105_1,301,950
X506_RS23120_1,1868,6466
X506_RS23125_1,358,1298
X506_RS22875_1,350,1045
X506_RS22855_1,458,1387
X506_RS23180_1,747,2358
X506_RS04460_1,790,2774
X506_RS23115_1,703,2456
X506_RS23140_1,1525,5756
X506_RS23025_1,296,1225
X506_RS22890_1,326,1033
X506_RS23035_1,307,953
X506_RS04440_1,548,1846
X506_RS04445_1,414,1431
X506_RS22925_1,142,560
X506_RS05930_1,300,924
X506_RS05935_1,1294,4340
X506_RS19705_1,835,3296
X506_RS05950_1,517,1760
X506_RS05955_1,603,2142
X506_RS14215_1,127,440
X506_RS23135_1,441,1683
X506_RS14195_1,600,2028
X506_RS14190_1,530,1729
X506_RS23200_1,201,825
ZV79_RS04055_1,463,1616
ZV79_RS04050_1,173,574
ZV79_RS12000_1,313,1244
ZV79_RS04085_1,1291,4685
ZV79_RS01565_1,161,676
ZV79_RS04105_1,202,770
ZV79_RS04145_1,413,1459
ZV79_RS04120_1,344,1078
ZV79_RS04135_1,1458,5211
ZV79_RS04075_1,234,900
ZV79_RS04070_1,482,1705
ZV79_RS12020_1,130,464
ZV79_RS04165_1,442,1529
ZV79_RS04030_1,176,760
ZV79_RS04035_1,246,960
ZV79_RS04010_1,1184,4441
ZV79_RS04015_1,153,612
ZV79_RS04195_1,197,694
ZV79_RS04190_1,211,797
ZV79_RS04090_1,341,1216
ZV79_RS11910_1,203,760
ZV79_RS04110_1,269,937
ZV79_RS04140_1,378,1323
ZV79_RS12110_1,131,454
ZV79_RS04130_1,220,887
ZV79_RS12105_1,147,618
ZV79_RS01610_1,345,1392
ZV79_RS04150_1,236,952
ZV79_RS04155_1,2106,7506
ZV79_RS11940_1,332,1270
ZV79_RS04175_1,279,1080
ZV79_RS04170_1,170,622
ZV79_RS01605_1,246,1095
ZV79_RS04065_1,206,784
ZV79_RS04060_1,247,842
ZV79_RS04040_1,362,1375
X506_RS23210_1,451,1718
ZV79_RS04020_1,277,1109
ZV79_RS04045_1,129,483
ZV79_RS04125_1,200,700
ZV79_RS04185_1,353,1357
ZV79_RS04180_1,252,1044
ZV79_RS21590_1,143,550
ZV79_RS19130_1,380,1312
ZV79_RS19135_1,284,949
ZV79_RS16225_1,409,1328
ZV79_RS16220_1,422,1513
ZV79_RS22430_1,612,2007
ZV79_RS22445_1,750,2841
ZV79_RS22440_1,1842,7068
ZV79_RS16230_1,973,3437
ZV79_RS12785_1,160,542
ZV79_RS13705_1,117,531
